created_at;full_text_processed;label
06/04/2025;isreal can it want and nobody in the so called democratic western world the gut to stand up against them and speak the truth the state of israel mass murdering palestinian i will never vote for again disgusted with the british political class;0
05/04/2025;i cant stand starmer hell side with isreal every day of the week kid slaughtered yet he pretend to for muslim here ill accept i dont want anyone isnt ancestrally brirish here but im heartbroken at our leader promote overseas;0
25/03/2025;i unequivocably stand with palestine and against the usisreal genocide;0
02/10/2024;i stand with israel an american this they and the u;0
28/03/2025;you stand with isreal they continue to murder innocent palestinian where exactly the peace you talking about;0
22/12/2023;a reminder that israel right to defend an occupying power under international law the only thing israel can end the occupation palestinian however the legal right to defend resist occupation and return to their home;0
17/09/2024;israel a right to defend in gaza but the palestinian;0
26/01/2024;under un law israel doesnt the right to defend the occupied population this right by giving this false right u;0
06/04/2025;good for israel one the right to enter any sovereign country;0
17/09/2024;according to internationalhumanitarianlaw israel the right to selfdefense an occupying power the right to defend from the occupied an occupied people the right to resist including through armed strugg;0
24/09/2024;an occupier israel right to defend against the people it occupies thats enshrined in international law that mean gaza the occupied west bank occupied golan height in syria and the shaaba farm in lebanon all the right;0
13/07/2024;israel crossed new line israel already crossed all the line yr ago israel the right nazi germany any right given to israel should treated a concession you would willing to give to nazi germany;0
20/11/2023;under international law israel a right to defend in the occupied territory of palestine in this case only palestinian the right to defend explained by francesca albanese un special rapporteur for palestine;0
16/12/2024;israel the illegal occupying power in the west bank there a legal right to armed resistance against an illegally occupying power confirmed by judge charlesworth in the recent icj case there right to collectively punish a civilian population regardless;0
06/04/2025;trump really testing the u popular support for israel rn majority of em support israel right to defend but trump and the current corrupt israeli goverment pushing ithamasoctober obj evil but this to stop;0
06/04/2025;the palestinian every right to they on october israel under the un charter an occupying power since it never never fulfilled it responsibility an occupying power never intended to fulfill them in fact it dispossessed;0
06/04/2025;the collective punishment policy pursued by israel on gaza to ended all of u in gaza the right to live in peace and the world to give u our right to live in peace human terrorist;0
08/11/2023;international law this israel right of self defence within the territory it illegally occupies the occupied people the right of armed struggle israel a state recognised by the un within those recognised boundary it the right of self defence;0
06/04/2025;well they lied on their entry form and if they spewing so much antiisrael propaganda then i sure thing might different every country the right to bar certain people they deem to a threat or;0
06/04/2025;israel a right to exist and every community organiser self proclaimed leftist communist or socialist afraid honest about that part of why the overton window shifted so far right in america;0
18/10/2024;memo to uk journalist israel right to even in gaza;0
06/04/2025;about the fact they used their privilege to lie to the israeli authority claiming to on government business israel every right to refuse them entry;0
06/04/2025;i think someone to say it israel a terrorist refugee group doesnt the right to defend simple they even human;0
06/04/2025;israel the right to decide it let in secure border we dont that wheres nick brown;0
10/09/2024;israel a right to defend in gaza but the palestinian my latest;0
12/02/2025;under international law hamas the right to defend from an occupying power israel the occupying power such right;0
06/04/2025;there mistake israel intention the horror of genocide israel right to exist in occupied palestine;0
20/11/2023;israel the right to defend the only reason israel keep saying the opposite over and over they know theyre disproportionate and illegal occupation;0
07/04/2024;israel the legal right to selfdefense in the land it occupies the owner of the land the legitimate right to resistance and the right to selfdetermination listen to un expert;0
11/12/2023;israel a right to defend from people it occupied and put a brutal siege on for the past year the only right israel under international law to end the occupation and stop the siege;0
04/12/2023;nope israel that right according to international humanitarian law the occupying power right to selfdefense in the area it occupies the occupied people the right to selfdefense;0
10/09/2024;the israeli a right to defend in gaza but the palestinian say basic morality and international humanitarian law;0
15/11/2023;according to international law israel the right to self defence it an occupying power so israel the right to defend;0
30/12/2023;just to clear israel the occupying force it lawful right to self defence or genocide within the territory it occupies gaza occupied;0
16/09/2024;israel a right to defend in gaza but the palestinian;0
10/09/2024;israel a right to defend in gaza but the palestinian palestine israel;0
29/09/2024;for the millionth fucking time israel right to defend it illegally occupying palestine and illegally attacking lebanon stop debating this canard palestine and lebanon the right to defend under international law always stop;0
19/11/2024;wrong israel right whatsoever occupier can never claim defense against those they occupy since the very state of occupation in an act of aggression palestinian on the other hand full right;0
06/04/2025;if you can see past all of the atrocity israel committed and still believe they a right to that land indigenous people love their land this now how indigenous people treat the land they love israel destroyed it out of blind hate;0
22/01/2024;under international law israel right to defend from occupied people occupied people the right to resist with any mean but then again would i know i only worked torward a phd covering international law teach lecture and write in the area;0
03/11/2024;the israeli occupation already in place the right to initiate militarised force in response a palestinian right and an israeli one;0
22/11/2023;under international law israel an occupier of gaza israel legal right to fight back against a legitimate act of resistance from an occupied territory or people they the right to remove f;0
10/02/2024;serious response per international law palestinian the right to defend against occupation israel right to occupy and siege palestine plus we all know will happen if palestinian surrender yall said;0
20/10/2023;israel the right to defend how can an illegitimate state stole the land and ethnically cleansed it the right to anything;0
12/09/2024;israel a right to defend in gaza but the palestinian written by;0
27/02/2025;it actually the exact opposite palestine a legitimate right to sovereignty over all of historic palestine it accepted it call a historic compromise to accept israeli sovereignty over pre border the basis for settling the issue of israeli secession;0
21/11/2024;an occupying power cannot justify act of violence or use military force against a population it legally obligated to protect in short fuck you israel the right to protect from the people it occupies dont like resista;0
14/12/2023;israel the right to defend in a land that it occupies but the people occupied the right to resist according to international law listen to the un expert on the occupied palestinian land;0
30/12/2024;israel doesnt a right to genocide according to international law set by icj;0
05/11/2023;new post the right of self defence israel the right of self defence but only in precisely the same way other country in fact the only unique factor about;0
03/11/2023;russia correct to claim that israel an occupying state a right to selfdefense absurd it like claiming that a home invader forced his way into someone home a right to defend against the homeowner;0
11/03/2024;israel zero right to defend according to international law they an occupying force squatting on someone else land;0
20/05/2024;under international law israel the right to self defense a belligerent occupier stop lying to the people if they want to end hamas they need to end the occupation;0
12/10/2023;israel the right to exist a religious ethnostate or defend it existence such this mean simply that it the right to occupy ethnically cleanse and settle foreign territory or pursue a given racial or religious demographic composition;0
07/10/2024;israel the right to defend against the people they occupy it wild how many of you still understand this;0
31/10/2024;actually israel a right to defend it an occupying power palestinian the right of resistance including violent resistance under international law and an occupying power israel barred from harming the people whose land it occupies and;0
09/03/2024;according to the international law the israeli the legal right to selfdefense they occupier and the owner of the land the right to resist the occupier;0
20/05/2024;youre wrong again israel the terrorist breaking un resolution and international law law give israel the right to carry out collective punishment and a genocide palestinian on the other hand the le;0
02/09/2024;israel the right to militarily defend in gaza under international law it the occupying power every single time you make;0
03/11/2023;international law say that israel right to selfdefense long it occupies palestine;0
06/02/2025;for starter israel right whatsoever to kill a single palestinian or even one iof militant anywhere in palestine armed resistance legal decade of israeli settlement and occupation;0
06/11/2023;correction israel doesnt the right to selfdefence against a nonstate actor under it occupation art of un charter and party engaging in war must adhere to ihl principle protecting civilian there justification for genocide;0
04/11/2023;til that under international law israel an occupying force in gaza the right to defend gazans an occupied people facing genocide the right to defend sending weapon to a government commiting human right violation illegal;0
13/01/2024;israel a right of selfdefence under international law un special rapporteur explains israel cannot claim the right of selfdefence against a threat that emanates from the territory that it occupies;0
26/01/2024;under international law israel an occupying force the right to defend against those it occupies;0
24/10/2023;according to international law the people of palestine a legal right to armed resistance against occupation;0
02/12/2023;israeli right according to any law in the world to defend they simply an occupying force in palestine only the law of gang allows this while the palestinian the full right to armed resista;0
02/12/2023;israeli right according to any law in the world to defend they simply an occupying force in palestine only the law of gang allows this while the palestinian the full right to armed resist;0
15/11/2023;israel actually the right to defend it the one occupied great explanation of the law;0
04/11/2023;israel right of selfdefence under article of un charter to wage a war on gaza it already occupies the gaza strip the international court warned in wall case that article self defence apply to territory under israel effective control;0
06/04/2025;u weapon to israel made gaza child fly to the cloud time to pray for gaza over now it time to ask forgiveness for gazagenocide gaza_the bombard;0
03/04/2025;pray for the palestinian pray for peace pray for the end of israel terrorism;0
06/04/2025;we helpless weve choice but to pray for allah wrath upon israel;0
04/04/2025;inshallah syria will rise up inshallah the entire region will i know how or when but i pray for it israel must stopped;0
05/04/2025;israel a terrorist state pray for palestine;0
03/04/2025;my god i pray everyday israel suffer a worse fate for theyve done same with our socalled leader;0
04/04/2025;damn you israel i pray for retribution with the end of israel jew the st century nazi;0
04/04/2025;ceasefire isnt i considered a solution in gaza i only pray for destruction falling and horrific death to israel kind of peace deal we going to see again they killed and bombed thousand and thousand of woman and child after all this they gonfree;0
06/04/2025;please pray for gaza innocent people israel destroy gaza city where humanity gaza need help gaza calling for help;0
04/04/2025;such a beautiful starry night in lahoremakes me pray for the downfall and destruction of israel and it doggy america;0
06/04/2025;praying and wishing for israel downfall i pray it disappears from the face of the earth and all the monster involved disappears with it;0
24/03/2025;yes they and this why there group of hundred of thousand of israeli that make fun of dead child on telegram ive never seen anything quite like it jew could pray just fine for century in the holy land pre zionism;0
03/04/2025;there war in gaza only israel bombing they already destroyed killing defenseless;0
07/10/2024;pray for the palestinian hostage held by israel that sodomised to death in their dungeon pray for the child that israel kidnaps and rape;0
01/10/2024;pray for israel yes pray for israel to stop committing genocide and stealing people land;0
06/04/2025;if anybody need a chip inserted in their brain named fafo satanyahuhu trump should order elon to implant one with delay in his sick mind so the gaza killing stop;0
06/04/2025;i just pledged my support to for justice dignity and peace in gaza join me in standing with the people of palestine to help them rebuild their life and future add voice today standwithgaza justiceforgaza;0
06/04/2025;taking a position on gaza taking a position on gaza one you to live with for the rest of life;0
06/04/2025;the child of gaza stand proof of a world that looked away dont look away;0
06/04/2025;i just donated to a family in gaza struggling to survive the war every little bit help them get food and water please consider helping too share and donate if you can one love free free palestine free free gaza lt;0
06/04/2025;ousman noor instruction how to stop gaza genocide weve launched a caign to estbalish an international armed force to stop the gaza genocide we instagram;0
06/04/2025;reminder to if i feel life hard please remember there people in gaza suffering more than me i still stand today god mercy my power or resilience i weak and that me i human;0
20/01/2025;suspension for gaza the highest honor repost from on instagram;0
06/04/2025;please dont stop talking about gaza;0
06/04/2025;salute to the courage of this lady for expressing in this big forum at microsoft israeliwarcrimes gaza gazaholocaust;0
06/04/2025;the idf crime against humanity stoptradewithsettlements endisraeliimpunity sanctionisrael aparthiedisrael israelinewnazism stoparmingisrael israelterroriststate endzionism stoparmingisraelnow unseatisrael freepalestine gaza gazagenocide gazaholocaust;0
06/04/2025;stop the holocaust in gaza;0
06/04/2025;stop the world for gaza;0
06/04/2025;help obadas family escape from gaza war and reclaim their life please support this gofundme by donating or sharing every bit of help make a difference;0
06/04/2025;i able to match the last for new caign can anyone else the same he to leave his family behind in gaza when he finally got the chance of medical evacuation for his own severe injury please help him to make sure theyre provided for;0
06/04/2025;morocco rabat for a freepalestine and stop gaza genocide;0
06/04/2025;all they lie the palestinian info center half a million follower on facebook posted a photo of actress katherine heigl played dr izzie stevens in grey anatomy identifying her a french doctor traveled to gaza to offer medical help;0
06/04/2025;america already directly responsible for genocide in gaza if we combat troop on the ground there our nation crossed the rubicon;0
06/04/2025;stop the genocide_in_gaza please;0
06/04/2025;qaza palestine gaza the city of resilience and patince;0
06/04/2025;please help oday and his family by donating and sharing;0
06/04/2025;this the prominent leader targeted by american aircraft the martyr sarim ibn sheikh saleh alsuhaili one of the martyr of the american aggression on their home in the saawan area of sanaa the child of yemen less important than the child of gaza _;0
06/04/2025;people idea how tiny of a strip gaza the harsh truth it doesnt even guarantee stability more destruction to come ya allah;0
04/04/2025;i think the issue with indian their ignorance for instance most think that kashmir horrific where around child died but dont think gaza a genocide where child killed and where;0
06/04/2025;kid in gaza asking for justice they asking for water for light for a night without drone overhead if that haunt you you paying attention;0
06/04/2025;we dont water to drink we need support to provide water for u caign received support at all for the last two day please help her and her three young child;0
20/01/2025;from on ig last week columbia held disciplinary hearing against alleged student protestors from the gaza solidarity encment during their hearing student spoke bravely about their commitment to fighting towards a free palestine and forced the university;0
06/04/2025;the world failed gaza palestine we will never forgive never forget if someone say one bad thing about hitler after all of this he just should act earlier maybe there a chance with all respect to normal jew zionist human animal they hell on earth;0
07/12/2024;but the fight far from over the humanitarian crisis in gaza worsens ulc must actively work to incorporate the palestinian perspective into it program and partnership the school of public health cannot claim to stand for equity and social justice without addressing the;0
18/03/2025;after two week of a brutal siege denied palestinian lifesaving humanitarian aid and drone strike that killed dozen the israeli occupation force renewed their escalated bombardment of gaza and announced a total collapse of the ceasefire alleyesongaza;0
06/04/2025;powerful show of force to the warmonger and billionaire that the people will intimidated and that we will remain on the street in defense of the palestinian people and our collective humanity free palestine end the usbacked israeli genocide in gaza;0
06/04/2025;notice how the racist chabad princess make sure to use the photo that associate khalil gaza with the supposedly deranged libtard but the most retarded part thinking mean to kill lol;0
15/01/2025;we the student movement for palestinian liberation commit to the fight ahead we will rest we achieve divestment secure an arm embargo and end the siege on gaza;0
06/04/2025;there a journalist burning on fucking live feed in gaza right now and of course this supposed to normal;0
06/04/2025;those in gaza directly bombed by israel starved to death israel prevents humanitarian aid to get through;0
07/10/2024;the american university in cairo today a year into the genocide in gaza auc student climbed to the rooftop of the sse building during assembly hour to raise two banner so all cus could see the st banner read one year of genocide the nd read today it;0
06/04/2025;free phalastina free gaza;0
21/11/2024;all out to sarah lawrence college defend the student intifada for over day our institution ignored the genocide of our people in gaza we demand that they disclose their financial investment and they divest from death rally to demand disclosure divestment;0
06/04/2025;undersecretary of the ministry of health in gaza during the war death among child recorded due to malnutrition and we facing new number unless food supply allowed in;0
06/04/2025;international call for a global strike on monday april in solidarity with gaza and in rejection of the ongoing israeli massacre against palestinian;0
06/04/2025;israel committing genocide in gaza;0
31/12/2024;while the u empire and the zionist entity increased their aggression against our family and loved one in gaza and across the region the student movement across the world stood up and fought back against their institution complicity in genocide;0
15/11/2024;tuft bent to the zionist donor of this school but it student will we asking the student of this university to hear the cry of gaza and recommit for the fight towards divestment together we will help create a free palestine within our lifetime;0
12/03/2025;while the u r up it militaristic repression at home it enabling the zionist entity in cutting off electricity to gaza this mahmoud protesting against american fascism and zionism go hand in hand;0
06/04/2025;when massacre of muslim taking place in gaza im horrifying to read muslim priority other then this on social medium please voice for this unlawful killing in gazza;0
06/04/2025;stop talking about gaza;0
04/04/2025;the footage from gaza several order of magnitude worse than the footage of the holocaust vietnam and even dresden combined;0
06/04/2025;i might the next martyr this our reality this the voice of gaza how long will this nightmare last;0
19/01/2025;the ceasefire begin we honor the incredible resilience and sacrifice of the people of gaza let continue to support mutual aid effort and organize to eradicate zionism on our cus our work only just begun;0
14/10/2023;between jakarta poor air quality my allergy and continuous horrific update about war crime in gaza i didnt get much sleep last night other than praying donating and lifying the underreported ground truth else can we palestinegenocide;0
06/04/2025;shout out to karachi merchant striking for gaza while we host netanyahu in washington;0
06/04/2025;sadly they cannot trust anyone in gaza so i blame them for rather safe than sorry situation;0
25/01/2025;of gaza school destroyed youth already deprived of year of education due to covid and war now face a drop in future earnings this just an attack on education it an attack on an entire generation future;0
06/04/2025;theyve made gaza a death trap both physically and mentally;0
06/04/2025;this the world we created it all a part of the same phenomenon western government actively assisting genocide in gaza;0
13/03/2025;for the past day and during the holy month of ramadan israel refused to allow the entry to any humanitarian aid into gaza at the same time zionist attempt to ethnically cleanse the west bank intensified this month and every month we will continue to show out;0
06/04/2025;the news from gaza utterly horrific from the west bank too and from lebanon the over militarisation of any country lead inevitably to invasion and then to world conflict this those support the above want that you voted for in the uk and u;0
05/04/2025;there war going on in gaza;0
06/04/2025;stop bombing gaza stop targeting journalist;0
06/04/2025;israel leveled gaza then killed the drone journalist showed it to the world only drone can begin to capture the scale of destruction in the gaza strip the journalist it targeted again and again;0
06/04/2025;the guardian provides a full account of diabolical war crime israeli military change account of gaza paramedic killing after video of attack;0
18/03/2025;the genocide never ended and we will never silenced we continue to stand with our brother and sister in gaza in the face of this continued onslaught alleyesongaza gazaunderattack;0
06/04/2025;dupe manipulated by the muslim brotherhood captured on video everyone of our cop should spend time with the idf in gaza to learn how these terrorrists roll frigging ridiculuous;0
01/01/2025;healthcare worker and student we a moral imperative to use all available resource and channel to ensure the safety and protection of healthcare worker in gaza particularly dr abu safiya whose life and work in immediate danger;0
06/04/2025;why church in gaza ton of cross and palestinian christian problem wtf you talking about;0
06/04/2025;even the idf claim that you lie;0
04/11/2023;u can simple pray dont stop talking about this genocide braw;0
06/04/2025;dear world it the rwanda genocide it the genocide against the tutsi word matter truth matter please get it right and help u protect the memory and dignity of the victim kwibuka saytherightname;0
06/04/2025;i from malaysia along with my uyghur brother boycott shein temu chinese product and any product that support genocide and slavery against uyghur muslim boycott american product owned by zionist jeews good but dont forget to boycott chinese product;0
24/11/2024;genocide pelosi you blood on hand u and sf state student say aipacfunded award ceremony for nancy pelosi on november st and part of the international call to action usfca sjp and sfsu gups held a picket line at the hyatt regency in protest of usfca;0
06/04/2025;genocide the industry of israel;0
06/04/2025;hat off to the most courageous engineer ibtihalaboussad billgates_supports_genocide shame on you;0
06/04/2025;it anticatholic to hold the state of canada to account for it genocide of indigenous people and it antisemitic to hold the state of israel for the genocide of palestinian all state around the world must follow international human right law it doesnt;0
06/04/2025;i just signed a petition microsoft end complicity in apartheid and genocide sign here;0
06/04/2025;genocide gaza israel gazaholocaust idf stockmarketcrash bbtvi israelterroriststate this a human burned in front of the world the one burned him the jew;0
06/04/2025;they spineless selfish greedy maggot afraid to stand up for auschwitz c of gaza daily slaughter of civilian you also accomplice in this genocide may dreaming to enjoy the future riviera planned by the orange clown on the graf of palestinian shame on you;0
06/04/2025;x deleting progaza account muslim brutally killed before our eye innocent kid with dream;0
06/04/2025;download and to ensure that you purchasing item that complicit in israel genocide we we can with the choice that we we must keep ring up our effort boycott israel boycott those related to israel;0
07/11/2024;from jail support needed protestors arrested after palestinian student and community member disrupted genocide denier and notorious sellout yossef haddads event in chicago zionist and cpd getting aggressive mobilize to jail support now;0
04/04/2025;only sick individual will focus on the victim of a genocide and ignore those committing it you a sick individual;0
06/04/2025;end this genocide;0
21/11/2024;tomorrow student lecturer professor and university staff member across the globe will refuse to attend class or go to work we will bringing our institution to a grinding halt the struggle against israel genocide of the palestinian people and against the state;0
06/04/2025;yo genocide bad but so she;0
06/04/2025;genocide clear day;0
06/04/2025;israel a terrorist entity committing genocide and apartheid with the support of usa uk europe and the coward arab leader zionist barbaric and cant among the civilized nation of the world;0
03/04/2025;western university student more than the entire arab world combined to end the genocide except yemen of course;0
06/04/2025;yousef exhausted from this genocide food and water rare and very costly with help he can survive and his family too please donate to him and share;0
08/10/2024;the pro genocide dont any argument to justify why they support genocide instead of humanity;0
04/04/2025;muslim in india dont support the genocide though generally speaking;0
06/04/2025;in the near future it shouldnt surprise anyone if state take action against people like this sowing discord and promoting the genocide of my people while a massive online following thats a national security threat;0
13/03/2025;we watch student across turtle island mobilize in response to mahmouds illegal detention we reminded of mahmoud detained for organizing against the genocide his people and for the liberation of his homeland;0
06/04/2025;stop genocide stop killing of innocent people of palistine oic wake up when you wake up when they attack you a responsible muslim a good muslim;0
03/04/2025;all noise to distract from the genocide they committing;0
04/04/2025;very true dont you think he will more mercy for those that take action to stop the genocide opposed to those could done something but;0
28/10/2023;this a war it a crime against humanity this genocide we the voice of palestine now pray for them now free palestine freepalestine ceasefirenow;0
06/04/2025;criminal attack;0
06/04/2025;i vehemently oppose genocide apparently i antisemitic and an extremist it sound crazy it crazy israelterroriststate;0
06/04/2025;they even work with israel it just useless to stop genocide it complicit in the murder and torture of palestinian shame shame on them shame on those follow them would you follow evil murderer;0
06/04/2025;just look at the devastation that russianbarbarians done in ukraine how long will leader of the world allow this genocide to continue putinisawarcriminal magaaremorons;0
06/04/2025;true at the protest i at there a sea of free palestine flag keffiyehs and just about each speaker mentioned the genocide;0
04/04/2025;a zionist organization cancelling someone nothing new wary of those pay membership to these group cover for genocide;0
06/04/2025;it so crazy to in happiness while also committing a genocide mile away;0
06/04/2025;israel inclusion a terrorist group unconventional it a state a nonstate actor like those i listed the genocide debate in gaza polarizing some like amnesty see evidence;0
06/04/2025;oh jfc russell rebrand you fucking embarrassing the only reason this extraordinary it absolute joseph goebbels machiavellilevel propaganda the u actively jailing disappearing and deporting people speak up against a usrael genocide and he;0
06/04/2025;nothing like nothing provokes me more than zionist thinking they ate after saying free palestine form hamas;0
06/04/2025;moral of the story israel reducing the number of child in gaza with the aim of preventing them from joining the resistance in the future this why they bomb them every day and we havent seen any hamas fighter killed in battle open eye world it planned;0
05/04/2025;but israel specially kill palestinian hamas age to exact;0
06/04/2025;a point well taken and believe it or i agree with you on that point instead of targeting hamas israel went indiscriminate just flattened everything that where they went terribly wrong and that got them hated world;0
06/04/2025;palestinian ruthlessly crucified of hamas but palestinian hamas there million of innocent palestinian even interested in these stupid politics of war between israeli and hamas wh;0
06/04/2025;i bet idf killed him there hamas left in gaza it just idf and civilian mostly kid or he killed israel explosive removal team cause they dont that trump gave them our guy for that task;0
07/05/2024;despite report that hamas willing to accept a ceasefire deal the zionist entity press forward with it bloodsoaked plot make mistake in their eye this the final solution to the palestine question the zionist entity aim to wipe gaza off the face of the earth;0
06/04/2025;breaking hamas firing rockits at isralei gaza just fired rocket towards israel with one intention only to kill many israeli civilian they possibly can it day and gaza still rocket read that again;0
06/04/2025;and the bought off by islamist extremist hamas supporter and radical islamic jihadist in canada it highly suspicious that the federal government permitting these throng to destroy jewish business and property shill against;0
30/07/2024;a little girl her once beautiful face disfigured by skin disease ravaging child due to pollution and the lack of medicine that the israeli occupation prevents from entering gaza;0
30/05/2024;all eye on rafah mean rafah in crisis after day of suffering palestinian forced to flee their home for makeshift tent in rafah promised a safe zone by israel but even there they face brutal attack;0
29/11/2023;a recently launched app help people identify product from israel allowing them to make informed choice and avoid supporting genocide;0
06/04/2025;fuck israel;0
06/04/2025;baby killer gazaholocaust;0
06/04/2025;fuck israel;0
01/11/2023;israel regard whatsoever with the life of the native palestinian population on whose land land they occupy jabalia gaza;0
15/11/2023;in hebrew it say philisteenah that palestine;0
01/08/2024;israelpalestine sovereignty two state solution;0
11/01/2024;palest in gaza entitled to exist to situate the right to existwhat happ in gaza entail a destructive act by an occup pwr that subjected the palest ppl for violation of self determination for a cent israel for year regarded above the law;0
09/01/2024;israel will destroyed jerusalem and gaza will free this the promise of allah you dont a doubt keep our foot and heart intact;0
02/01/2025;according to zraei official they will rest they to the pestinians htler wanted to to the jew guess that make them;0
04/09/2024;the message to sr very clear get out of p it country;0
06/04/2025;from the river to the sea israel will free from their existence;0
06/04/2025;ummah need to deal with zionistss quickly for palestine with whatever power and tool available with you ignore coward and traitor leader;0
14/10/2024;n sr burning p alive n germany put jew in gas chamber if sr bothered by called naz then they shouldnt act like n or even worse;0
06/04/2025;fuck israel x america;0
06/04/2025;the arc of justice bending towards the people of palestine;0
09/12/2024;israel ngeb bomb syria stop silent stop ignorant keep boycott;0
06/04/2025;expel the israeli ambassador boycott israel arm embargo to israel now call upon the and to act now justice delayed justice denied;0
01/05/2024;hey zionist it palestine israel an imaginary state;0
06/04/2025;the scale of terror israel inflicted beyond anything else in human history;0
03/12/2023;israel defense force the worst you got the point dude;0
21/06/2024;the republic of armenia officially recgnizes palestine an independent state;0
26/06/2024;the ongoing bombardment of palestine intensifying daily bringing even more destruction and suffering citibanks partnership with israel play a direct role in supporting the genocide in gaza;0
06/04/2025;it doesnt matter fucking israel killing peacekeeper;0
30/03/2025;rael interested in piece in peace a piece of palestine a piece of lebanon a piece of syria a piece of egypt a piece of jordan a piece of iraq a piece of saudi arabia;0
24/09/2024;student in light of israel recent attack on the people of lebanon join and organize contingent for emergency mobilization in locale we near one year of genocide on gaza we reminded that the united state will continue to allow israel to violate every norm;0
06/04/2025;peter dutton the worst thing that happened to australia how that racist bigot can a candidate a shame for australia;0
06/04/2025;this and the line where you will condemn and for the slaughter of these beautiful child or you still ok with unconditionally supporting israel voter would like to know it will take for you to finally place sanction;0
06/04/2025;israel the devil if a devil exists jfc;0
18/01/2025;mass murderer pure and simple israel an abomination and pariah state of our time the zionist project proppedup by u uk and eu will never legitimate ever again unapologetic purveyor of genocide israel a political entity will never welcome again a;0
06/04/2025;buried alive with their foot bound israel the right to commit war crime you still offering israel unconditional support gazagenocide warcrimes thehague;0
13/01/2025;this the sick sadistic state of israel it already beyond the pale;0
13/12/2024;repost from on ig divestment now permanent following our encment protesting sf state complicty in israel genocide of the palestinian people sf state divested from lockheed martin caterpillar leonardo and palantir of today these win will now become;0
06/04/2025;israel repeatedly attacked palestinian child and yet spews israeli propaganda to demonize to un relief for victim of israel decadeslong apartheid and genocide he lack the moral compass to lead the nation and will prioritize israel before canada;0
06/04/2025;israel withholding humanitarian aid reality;0
13/11/2023;netanyahu continuing with the strategy that led israel to the abyss pushing the pa into a corner in order to shoot down any option for a twostate solution collaborating with settler party and setting the region on fire haaretz editorial;0
06/04/2025;the list of israel lie just too numerous yet some people would still back israel even it intentionally murder child;0
06/04/2025;keep opening big mouth minute time short youre mocking god those curse israel will cursed;0
06/04/2025;he doesnt find beheaded baby livestreamed everyday horrifying but he find a flag horrifying tell you everything you need to know;0
06/04/2025;i think cultural boycott of both israel and russia the right move here;0
06/04/2025;america such a lark when innocent american murdered by some weird serial killer theyll deploy all resource to track the person down and stop them at the same time they and their partner in crime israel murder innocent people day in and day out joke of a country;0
02/11/2023;and everyone i know come back disgusted with israel;0
06/04/2025;kind of a scum sadist it abuse a little girl like this answer an isisdaish scum sadist of the zionist socalled free syria;0
11/10/2023;the palestinian people hamas israel done against palestine forgiveness even the god they profess the extermination of a poor nation and looted in the st century without the ability to defend an unimaginable crime pajasineunderattack;0
10/04/2024;if youre honest youll admit that every single palestinian christian or otherwise life in the state of israel there true autonomy for the one in the west bank and gaza israel exterminating them;0
13/10/2023;local local pashtun of waziristan pakistan promised to travel to palestine join jihad and fight the israeli force they say they ready to sacrifice everything and need support or help from anyone but allah in addition;0
06/04/2025;palestinian foreign ministry condemns the death of omar rabea calling it an extrajudicial killing amid ongoing violence in the west bank;0
24/08/2024;more than a thousand palestinian support the concept of islamic isi like to cut the head of non islamic people and refusing to change to islam and will enforce the law of shariah i think you looking for a dead after a while we will see woke and the palestinian wave the isi flag;0
06/04/2025;israel intentionally targeted and bombed the journalist tent in khanyounis;0
13/05/2024;encment at tu eindhoven student occupied a part of tue cus to demand that their university cut tie with israel join the student now bring tent sleeping material food and water follow eindhovenencment on instagram for update;0
06/04/2025;imagine a government liking you post online so they bomb house that israel to journalist for day straight and killed over journalist so far;0
03/08/2024;israel anything but democratic it a settler colonial apartheid state and everyone claim otherwise should go back to school israel the problem in the middle east erase the red dot;0
01/05/2024;palestine israel conflict concern about per thousand of humanity that may demo fully fixed on it completely reality reason replacement nationalism and hatred of only jew state for freed world society without nation anti semitism and racism b;0
06/04/2025;funny i used to hate candace but her return to reality and the way her humanity show in the face of israel slaughtering baby child and mother daily she become watchable to me life strange like that;0
08/10/2023;israel just another random state in the middle east it a rogue state an international hub of criminal a master of subversion sabotage and manipulating western politics it end would nothing but a blessing for the west;0
03/11/2023;the palstinsi on the other hand the luxury of escaping the edge full of soldier ready to kill them and the only airport they destroyed in and then by guess the isralians;0
26/06/2024;revive the boycott movement in the early year of al nakba the arab league boycott pressured the u to limit arm supply to israel it time to reinvigorate a comprehensive global boycott and hold these financial institution accountable;0
22/06/2024;june marked the commencement of the th session of the human right council the same un expert monitoring israel brutal occupation and genocide in gaza now looking into the human right violation of u college student for protesting that genocide we will;0
14/12/2023;the letter on the table israel want the solution of two state he want one of his from the river to the sea with the land of palestine but without it population;0
13/05/2024;jonathan free free palestine sumayyah over palestinian killed by israel say free free palestine;0
12/05/2024;demand from the duke student flyer we call on duke to disclose it financial investment in israel divest from company profiting from the occupation of palestine boycott academic partnership with israeli university and speak in favor of an immediate ceasefire;0
07/10/2023;i reading and talking to those live in the region the palestinian attacked israel in a cowardly manner shot the elderly at the bus point entered home and shot family hijacked elderly vilified corps and now advertising barbarie that;0
15/10/2023;war criminal the israeli army ordered million palestinian to leave their home and then killed many of them while trying to follow that impossible order;0
06/04/2025;nothing scare israel more than the camera and the truth since the ceasefire they red up their targeting of journalist and today the targeting of a tent where journalist gather near the nasser hospital;0
08/08/2024;israel torture and kill the palestinian prisoner israel kill the palestinian child israel bombarda hospital school and university and humanitarian office israel want the extinction of the palestinian israel a terrorist state support them an accomplice sionismonovonazismismo;0
04/01/2024;israel practicing a genocide in palestine since october and the daesh revives in the area attacking iran one expected less from mosad;0
08/11/2024;but you silently mute the only two state solution with palestine and palestine we joke a genocidal messianic regime must exist israeli people must learn equality and respect for human life those;0
20/11/2023;palestine the support of the world behind it it shall never crumble;0
15/11/2023;in response israel determined to end all the palestinian and occupy their territory to finally fulfill the zionist dream from the river to the sea better tell it well;0
28/05/2024;all eye on rafah;0
06/04/2025;rafah existed for over year it wiped off the map by a settlercolony that existed for just year;0
01/06/2024;revolt for rafah join palestinian student supported by the wider community at columbia at a the new gaza solidarity encment we outraged by columbia complicity in the killing of our people in gaza and most recently the massacre in rafah we equally outraged;0
26/05/2024;all eye on rafah;0
28/05/2024;all out for rafah;0
06/04/2025;forgive me mum i swear i only accepted this path to help people lord accept my repentance these the final word of palestinian paramedic refaat radwan before he executed by israeli force in rafah along with colleague gaza;0
06/04/2025;rafah still exists;0
06/04/2025;a fine line separate and nothingness rafah it more fade before annihilation israel justifies it genocide through the defense of of abstraction the politics of bearing witness must begin with living palestinian live their life precious;0
06/04/2025;queue of food and aid truck abandoned on the egyptian side of rafah israel imposed a total blockade on gaza for over a month;0
06/04/2025;the rafah city and governorate exist anymore rafah completely erased and destroyed israel destroyed over of home and leveled more than building and over housing unit it wiped out of water well and disabled most of the water;0
07/05/2024;all out for rafahthe people of gaza already displaced and forced into rafah backed into a corner there never a more critical time to throw pure right against the war machine all out for rafah escalate the student intifada;0
30/05/2024;guy look at mom you cant use all eye on rafah so discreenshot btw dont stop talking about palestne;0
30/05/2024;guy mending kalian semua banjirin instagram nya pake all eye on rafah all eye on rafah all eye on rafah all eye on rafah all eye on rafah all eye on rafah all eye on rafah all eye on rafah all eye on rafah all eye on rafah all eye on rafah;0
06/04/2025;protest program by jatiyatabadi chhatra dal against israel brutal genocide in gaza and rafah expressing solidarity with the martyr and the injured in palestine and supporting the global caign the world stop for gaza on april april at;0
04/05/2024;gaza the compass of our struggle and rafah the north star of the student movement all that we on cus we for the people of palestine we will stop full divestment we will stop palestine free;0
10/03/2024;all eye on rafah last month israel threatened a ground invasion of rafah by ramadan this week netanyahu renewed his vow to invade rafah ramadan quickly approaching and a ground invasion of rafah looming we must escalate pressure;0
09/05/2024;fearless for rafah;0
06/04/2025;just like the mistake of burning people alive in rafah the mistake of slaughtering international aid worker from world central kitchen the mistake of gunning down starving civilian sprinting toward food at aid truck the mistake of executing;0
05/03/2025;you insult me i pointed out that you dont know israel control import from rafah;0
02/04/2025;israel control all import and pass the rafah border part of the deal if you even bothered to spend min reading the rafah wiki know that else dont you know;0
14/02/2025;if you just googled the rafah border crossing youd know that israel control over go in and out;0
19/03/2025;you clearly never to the rafah border before i israel control it;0
06/04/2025;we urgently appeal to the international community united nation agency and all humanitarian organization to assume their legal and moral responsibility we also demand immediate action to pressure the occupying army to withdraw from rafah governorate to enable the;0
06/04/2025;month ago keir starmer said the rafah offensive should take place israel destroyed rafah and only starmers government take action against the israeli regime they continued supporting arming and assisting it;0
06/04/2025;there once a city called rafah this a war this genocide gazagenocide;0
11/03/2025;wall google the blockade of gaza and educate it crazy that you think egypt control the rafah crossing when israel the one approves import and export from rafah how you know that;0
05/03/2025;if you even knew the basic of the situation youd know that the rafah crossing controlled by israel egypt part of the deal;0
24/03/2025;strange that you dont know rafah controlled by israel part of the deal it literally on the wikipedia page first paragraph else you know;0
06/04/2025;my grandmother born in rafah her sister worked in alshifa hospital their health going downhill since the ground invasion of gaza i cant quite imagine how that feel for them alshifa now little more than a charred building and a mass grave all of gaza;0
06/05/2024;nyc urgent call for mobilization citywide day of rage in defense of rafah take to the street to resist the invasion monday may th hunter college th st;0
19/03/2025;you lying israel control go through the rafah crossing and there right of return;0
23/10/2024;you think egypt control the rafah crossing google it youll see that israel control it part of a deal in besides why should egypt take refugee why just let them live outside;0
30/05/2024;all eye on rafah all eye on rafah all eye on rafah all eye on rafah all eye on rafah all eye on rafah rafahunderattack gazagenocide alleyesonraffah;0
08/05/2024;we need to willing to risk everything for rafah;0
30/05/2024;all eye on rafah all eye on rafah all eye on rafah all eye on rafah all eye on rafah all eye on rafah all eye on rafah all eye on rafah all eye on rafah all eye on rafah all eye on rafah all eye on rafah rafahunderattack cont;0
06/04/2025;israel around longer than rafah rafah history go back over year to around bce while modern israel founded in making it year old for the hostage taken by hamas in october;0
06/04/2025;hey post some issue rafah over year old true but it wiped off the map it damaged from recent conflict yet still stand with people living there calling israel a settlercolony i;0
06/04/2025;deir albalah one of the least destroyed city in gaza and home to a massive percentage of the displaced population i fear their intent to raise it like rafah this you voted to continue when you voted on the arm embargo last week;0
02/04/2025;yes israel control the rafah crossing google it idiot;0
06/04/2025;it take to bury a child beneath rubble and still call it justice her name alia she she died in rafah crushed under her home while holding her baby brother since october over palestinian confirmed killed but when you include the;0
06/04/2025;israel wiped the city of rafah off the map over yr old first recorded mention of it in bce rafah a population of and recently february million palestinian sheltering there the world nothing;0
06/04/2025;will anyone face justice for the rafah ambulance convoy attack;0
06/04/2025;the red line around rafah will go down in history one of tge great deception and crime of the century all i know that while it lost it will stand again;0
06/04/2025;rafah fallen northern gaza lie in ruin and the world grown numb to the cry once vibrant now shattered and yet the silence of the world deafening;0
06/04/2025;journalist this a substantial change israel just claimed rafah part of it buffer zone please compare the buffer zone white to this displacement order from march;0
06/04/2025;rafah wiped off the map by israel ethnic cleansing caign;0
02/04/2025;how anything that pass through the rafah border approved by israel since;0
06/04/2025;after wiping rafah they now seek to mirror that in deir albalah;0
06/04/2025;israel change story on rafah medic killing say will probe;0
06/04/2025;deir albalah about to look like rafah some will say absurdly and hatefully that hamas to blame please spare me israel going to this throughout gaza whether palestinian fight back or the last month and year made that abundantly clear;0
11/05/2024;popular university for gaza dispatch image from rafah and across occupied palestine flood our screen with fresh horror mangled baby body crushed under concrete some vaporized by usmade bomb;0
08/05/2024;tonight student and community member across turtle island holding the line and defending their encment from riot police encment need strong number and community support from pmam when raid more likely to take place all out for rafah;0
06/04/2025;contact immediately if you can help provide a tent for a family of in rafah;0
06/04/2025;happened to the medic in rafah an isolated incident it part of a systematic targeting of prc staff and volunteer in the gaza strip;0
06/04/2025;rafah genocide joe red line it just declared wiped off the map by israel none of trump in palestine would possible without joe and kamala unwavering support and complicity different color same monster;0
01/04/2025;the rafah border closed and the red cross confirmed it cannot even get cancer patient out you lying and we can all see it;0
06/04/2025;truly fuck egypt wow israel trying to negotiate in good faith to open rafah to let out gazans that want to leave and egypt responds by putting up concrete barrier;0
06/04/2025;director of medical supply at the civil defense in gaza we any ambulance in rafah and the central region we cannot find water to fill firefighting vehicle;0
06/04/2025;whats wrong whats the reason the egyptian army closing the gate of the rafah crossing on the egyptian side with a tall concrete wall for the time;0
06/04/2025;we hear you hind and we see theyre israel trying to erase the southern gaza strip like they trying to erase the north also further isolating gaza from egypt and the rafah crossing read more below;0
08/05/2024;more importantly student should understand that getting suspended for escalating for rafah a honorable b nothing in comparison to the experience of student in gaza where the iof destroyed every single university;0
06/04/2025;they bombing rafah with new terrifying missile and we in khan yunis terrified by their sound scary thought come to our mind about if we next please i ask the world to stop this genocide we human being;0
06/04/2025;let bangladesh stand still tomorrow in g sorrow at g call;0
14/01/2025;there journalist and journalist the first with a capital g those let intimidated by the sionist threat and intimidation in report there eye from gaza;0
09/04/2024;today mainichi shimbun an article in citizen showing their will around the country in opposition to the ethnic cleansing of gaza a reporter contacted me that all the notation that once turned into battle converted to invasion of gaza each person position change one step at a time let stop it;0
06/04/2025;gaza globalstrikeforgaza noone can erase g matter israhell remember this gaza alive gaza will alive gaza will free our palestine will free inshaallah inshaallah inshaallah;0
06/04/2025;gz the great;0
29/10/2023;journalist in gaza call for a prayer for the resistance fighting the invader;0
06/04/2025;please keep supporting the and effort to to get our brother and sister in g water the need so so incredibly great please keep sharing and donating they need u;0
06/04/2025;wtf israel just fucking lvel gza;0
06/04/2025;gza rafah empty there one alive;0
06/04/2025;pakistan a nuclear power yet it couldnt provide to plestine egypt nile river but gza died of thirst saudi arabia and uae ocean of oil but gza hospital and ambulance fuel muslim soilders missile fighter jet yet none of it could reach gza;0
06/04/2025;last update need of food in ganja oxygen needed medium personnel around the world banned from entering gja aljajera cnn nbc give ultimatum to all journalist to leave gza by idf israel defence force;0
06/04/2025;the foot stink;0
06/04/2025;hey you support whatever happening in g a za;0
28/08/2024;finding the opportunity in the impossibility a doctor in gaza tried to save a child life with a telephone light;0
06/03/2024;there a genocide in gaza for day thousand child and thousand woman crime trying to their job only journalist detached from life forget thousand innocent people killed in day gzt video editor prepared;0
14/12/2023;activist gathered to organize a support for palestine in australia protested zara made fun of the civilian massacred by israel in gaza;0
06/04/2025;it will remembered muslim over million soldier heavy artllery mssiles fghter jet but none of it could reach gza to provide aid palestineunderattack;0
29/08/2024;every street where beautiful memory pas every street returned to a pile of debris every street;0
18/11/2023;the persecution in palestine decreased or it trying to make u feel like that gzt editor in chief tell zionistcensorship;0
10/12/2023;why zara made fun of the palestinian with the visuals he shared innocent brand day;0
18/11/2023;how it affect u to witness happened in gaza zionistcensorship;0
28/08/2024;finding the opportunity in the impossibility a doctor in gaza tried to save a child life with a telephone light;0
18/08/2024;child in gaza a nightmare with death fear and hunger for month;0
23/03/2024;humanitarian aid delivered for the third time to the north of gaza;0
04/05/2024;the second one of this month completed the reinforced hg zz fully armored with additional weapon from the old fa zz kit;0
14/11/2023;hundred of civilian took refuge in gaza to entertain child at the school held a football match;0
11/03/2025;stogragta i complained to nazupi sings a zuzu gag gacha and refuted zuzu shocked by the police interested in mayoral election zuzuflower breed nazunahorse manhawk tigerstogra gbc stogra clip;0
06/04/2025;this a war it a gencide in a war you trying to inflict a military defeat on the enemy army in a gencide youre trying to exterminate the civilian population;0
05/04/2025;you call it when you surround a hospital;0
01/04/2025;very good partner in crime in gencide in ethnic cleansing belgian mep reprimanded the eu high representative for foreign affair;0
02/04/2025;one gencidal statement after another rael if you look at they write in their newspaper they say on public affair radio;0
05/04/2025;you call it when you surround a hospital and bomb it when you line up doctor physician nurse;0
05/04/2025;tonight in jerusalem protestors against the gencide chanting refuse to war criminal dont bmb child calling for soldier to refuse service in the israeli military;0
06/04/2025;this a war it a gencide in a war you trying to inflict a military defeat on the enemy army in a gencide youre trying to exterminate the civilian population gazaholocaust;0
04/04/2025;very obviously girl the gencide and still;0
01/04/2025;when the extermination of healer eclipse history darkest gencides humanity confronts it moral bankruptcy gaza decimation of healthcare worker gencide by arithmetic this week iof executed blindfolded ziptied healthcare worker from in gaza;0
04/04/2025;i could make u a whole list with reason why but the most important that gencide wrong;0
29/03/2025;the real villain of empuraan baba bajrangi abhimanyu singh appears inspired by babubhai patel aka babu bajrangi a bajrang dal leader convicted for his role in the naroda patiya mssacre during gujarat gencide where muslim killed gujaratriots mohanlal;0
29/03/2025;idgaf if youre jewish or of israeli descent just dont proisrael government i may completely educated on the gencide but ive seen too many child and people in general getting brutally killed and sad to pro palestine free palestine zionist dni;0
04/04/2025;a british citizen from manchester in gaza indiscriminately firing on civilian home and comitting gencide why these terrorist allowed to commit gencide and freely return home to the uk u europe without their citizenship revoked;0
28/03/2025;it fucking traumatizing when you social anxiety and you speak up up for palestinian on sn and some random men just show up throwing brick at you for against war and gencide theyre literally crazy;0
28/03/2025;they the backing of the trump regime so the gencide full on now c coming;0
04/04/2025;haunted witch once again banned for gencide apologia l bozo april th;0
04/04/2025;hasan piker a chion for human right and indigenous people unless it uyghurs then him;0
23/03/2025;isrl shouldnt even exist and talking about it an actual statecountry part of znizm the gencide will end when the occupation;0
26/03/2025;wtfdym forced he literally gave money to a terrrist state to commit a gencide and ethnic cleansing;0
20/03/2025;this me trying my best to survive a gencide facing it all with a smile even though i very hungry and i ashamed of saying it i trying my best to afford something for my family it getting worse please donate if you can;0
26/03/2025;or to fund gencide against people in tent;0
02/04/2025;one gencidal statement after another rael if you look at they write in their newspaper they say on public affair radio;0
06/04/2025;gaza called for a worldwide strike next monday april it our duty to follow it there will school university work the gencide stop;0
05/04/2025;israel commiting a gencide and it very evident wtf;0
27/03/2025;the somewhat ironic reality about the situation in occupied p that those least likely to support their brother and sister the one with the most power influence and ability to end the gencide many individual particularly the ulam avoid discussing;0
01/04/2025;when the gencide in gaza over when it politically safe but far too late the and other mainstream medium outlet will finally report basic truth sadly and shamefully this follows a longestablished pattern;0
06/04/2025;that we need to shame zionist and gencide supporter;0
06/04/2025;msm complicit in this gencide the politician provided arm to the brutal regime;0
05/04/2025;i aint brining a child into a word where gencide normalized pd;0
04/04/2025;i truly can understand how the world allows this to continue how much longer must palestinian endure such suffering and pain before the world something we witnessing a gencide in real time yet we unable to anything to stop it;0
02/04/2025;you need to correct this quote they in the least hiding the fact that theyre committing gencide;0
04/04/2025;antiisrael agitator mass outside ritchie torres office demand he resign for collaboration in gaza gencide one protester outside torres office denounced the lawmaker zionist scum;0
06/04/2025;protesting gencide easy buy product that finance murderer and their supporter boycat app;0
05/04/2025;amazing courage to that in izrail where of the population just fine with gencide in g_z;0
20/03/2025;this me trying my best to survive a gencide facing it all with a smile even though i very hungry and i ashamed of saying it i trying my best to afford something for my family it getting worse please donate if you can;0
06/04/2025;jihad against isrel now fardh for every muslim;0
06/04/2025;israhell a criminal entity;0
06/04/2025;fuck israhell;0
06/04/2025;continue boycotting israhell;0
06/04/2025;fuck israel israhell;0
06/04/2025;if there nothing to hide why the totalitarian approach we all know isr a criminal gangster state;0
12/02/2025;israel a jewish terrorist state israel a jewish terrorist state israel a jewish terrorist state israel a jewish terrorist state israel a jewish terrorist state israel a jewish terrorist state;0
06/04/2025;reality uncovered nothing casual think badly and youd damn right today tomorrow;0
06/04/2025;in gaza people still attacked by that country on march over people killed in the attack and jh one of those helped isr in killing innocent child and woman shame on him;0
06/04/2025;isr terrrist organisation;0
06/04/2025;agree why zionism created in the first place ie to destroy ottoman invade;0
06/04/2025;israhell a terrorist state you murdering scumbags killing innocent child you sick in head i hope you all go to hell;0
06/04/2025;nons for everyone except israhell;0
16/07/2024;isarel a country full of hidden superheroes where one cannot know each one but we find people in normal appearance that when he see that the country danger;0
06/04/2025;never ever isrel will always our enemy genocidalists cannot our friend;0
06/04/2025;please so all nation should come together to wipe out israhell;0
06/04/2025;stop arming israhell now;0
06/04/2025;it ironic that the zionests nuclear power of israhell will the very single weapon for the end of this fake parasite entity forever;0
21/09/2024;to all those question israel right to exist allow me to say one thing to you;0
06/04/2025;get men pregnant;0
06/04/2025;only hindutva harramis find joy in genocide of palestinian by israhell palestne gazagenocide gaza;0
06/04/2025;for those joker saying muslim army cannot wage jihad against isr there a fatwa from the top ulama council let see how many islamic army announce jihad against the filth zinist state;0
06/04/2025;why isrel use word like yalla and ya rab this astounishes me;0
06/04/2025;american soldier will dying for isr;0
03/01/2025;lady and gentleman i present to you the zraelis;0
09/02/2025;every last hostage home;0
06/04/2025;jhad against isrel fardh upon every muslim man;0
06/04/2025;i feel so so sorry for these young men going to die for their country trump sending them for israhell there glory in this at all they will massacred;0
15/02/2025;israel a terrorist state israel a terrorist state israel a terrorist state israel a terrorist state israel a terrorist state;0
06/04/2025;usa killing kid and woman in yemen israhell killing kid and woman in gaza cowardice this two war criminal ally favorite target vulnerable civilian;0
06/04/2025;that the goal collateral damage the goal to kill maim displace traumatize palestinian child targeting child and woman kill the future and thats israhell and it ally want;0
06/04/2025;isr;0
22/02/2025;this image more joyful than the nasrals and newbarer;0
06/04/2025;iran never killed a single isreli assad never fired a bullet at isrel putting aside whether these statement actually true they reveal an antimaterialist mentality focused on the subjective act of resistance rather than the objective condition sustain it;0
20/03/2025;one of the future and brave leader of the other israel psychopath psychopath and the enemy of the enemy in the face of israel;0
03/02/2024;protester including abducted family block highway;0
11/02/2025;israel a zionist terrorist state israel a zionist terrorist state israel a zionist terrorist state israel a zionist terrorist state israel a zionist terrorist state pas it on;0
06/04/2025;the people of gaza going through suffering beyond imagination this the highest level of oppression from isr gaza maklovukh gaza;0
13/04/2024;the people of the world began to use the expression israhell instead of israel in english;0
06/04/2025;they would care if these crowd about isr but for trump theyll hand out icecold beverage handsoff handsoff;0
11/01/2024;this coalition ruin the country under the gantz;0
07/12/2024;nothing to say this a number commentator;0
29/08/2024;a rare yearold stone seal from the first temple period discovered in jerusalem the ancient hebrew script on the seal read leyehoezer ben hoshayahu translates to belonging to yehoezer son of hoshayahu;0
23/01/2025;in the name of the god of the rainbow good day from jerusalem israel eternal capital;0
06/04/2025;where the plane mass propaganda plane just bombing by israhell;0
06/04/2025;that tweet that said if isrel a jewish homeland and if palestinian muslim pakistan would send arm to isrel;0
06/04/2025;so boopsy an israhell supporter also making food for the soldier lmao;0
06/04/2025;bullshit artist at work izrael trying to bend the fact usual fucck you;0
06/04/2025;they asleep they complicit in isrel crime this wanted man can leave hungary without travelling through the sovereign territory or airspace of many european country these country obliged to secure his arrest;0
06/01/2024;today i will go out for the first time since to protest the government it possible that at the time of war the government fighting at the top of the army a self destruction mechanism that must stop it;0
10/10/2024;it of people like you that there will never peace soon you see a flag of israel you become savage however this grandmother kind enough to welcome girlfriend and to offer her a roof but hatred seems to erased this gesture;0
12/03/2024;you know why i like israeli for their resilience for their love to life in the midst of death that their enemy promise them for their humanity for their liveliness there only to see the cornice of tel aviv life scene far the eye can see israel yes i;0
08/12/2024;generation after generation rise to exterminate u and promise to erase u from the face of the earth generation after generation we survive we get up and bloom we where we always we where we will always the people of israel live;0
15/07/2024;it doesnt matter how many layer you dug always there israel there never palestine israel real israel real;0
06/04/2025;reflecting back at the monster israel regime the massacre;0
14/04/2024;israel translation a small state created by force exterminating the native population after decade of apartheid his zionist government committing a genocide in gaza with the support of the u and western passivity he financed;0
06/04/2025;from the river to the sea p will free freepalestin palestine;0
03/04/2025;never stop talking about plestine;0
12/03/2025;post office st book old document on p;0
14/03/2025;auto blend in photoshop free paestine for more follow photoshop gvsser tutorial photoshoptutorial photoshopedit new remove graphicdesign photoshoptutorials;0
18/03/2025;greater isrel greater kurdistan greater blochistan greater plestine;0
30/07/2024;the whipped smile for each other mistine x pondphuwin mistinexpondphuwin;0
19/03/2025;bristol rally for p today wednesday th march broadmead;0
28/03/2025;may allah swt help our brother and sister from sudan kongo uyghurs rohingya p and kashmir ameen;0
05/04/2025;p proud of all these attempt;0
26/03/2025;you notice nowadays isal and p the most speak word in x and you can see it on xtrends;0
08/03/2024;and a parade that drove his eye every time heart you;0
11/05/2024;pp you know how much i like you bigin i dont know binkin i dont know that someone waiting to take care of you everything phi i dont know phi you to call me will you go to bigin really kin phi;0
14/08/2024;nong phi just went out but now still cant spoil tell everyone to guess out of the hairstyle that just set up and the sheep like this it recommended to a real right;0
30/06/2024;the face of nong p really looking at the eye eyebrow look sharp the nose beautiful water droplet but looking at the sweet face the bright smile look comfortable another thai female protagonist wassana toei building;0
21/03/2025;this the normal response to the inhumanity that ongoing in plestine peacemaker accused of terrorism while authoritarian state act with impunity liberation day should cancelled unless we trying to ironic jersey via;0
16/05/2024;when i ask my non plli friend to listen to plave song and they like it;0
18/03/2025;cry for hour watching video after video of of palestinians killed wounded and traumatized baby and child ya allah free the people of paestine from the west backed ira free the oppressed everywhere for none more powerful than you ya allah;0
02/04/2025;jewish student chained to the gate listen to their word free mahmoud free all political prisoner free p;0
29/03/2025;dumb liberal thinking she maga for saying she fuck with dems when she just support gnocide in p chappell roan get behind me;0
12/03/2025;hi rose noone thanks for reposting of my n;0
27/03/2025;alix will probably win that lawsuit of right to free speech and i doubt her audience give a fuck about plestine;0
12/03/2025;i just can help but to feel like the incompetence of the people that protesting for palestine got u here;0
24/08/2024;meaning this scene elder kao to catch him but cant catch nong p then fell first hahahahahahahahahahahahahahahahahahahahahahahaha;0
05/04/2025;first post on x for me free p;0
29/03/2025;one reason bc it doesnt affect or restrain men meantime woman fighting to erased by transw men woman vilify woman there still huge misogyny in western society;0
01/04/2025;for anyone a chrstian and see this if you think youre on the juice side they called mary a wore they said jesus rvtting in hll they say the same thing adlf hitler said that got the world against him theyll say theyre the chsen one plestine up to;0
04/04/2025;may get jumped at that i gaf after that digital slander from a fan herd but yall cant fr assumimg bngtan and other idolscelebs still dont know about the situation in plestine zonism and bycotts if they live on a deserted island deprived of internet and sn;0
08/01/2024;oh tin nong pooh look thicker tan more handsome destinyclinicpoohpavel pavelphoom ppoohtk;0
30/05/2024;spray perfume on p pew hey hey mummy perfume perfume must spray in right amount that possible spray on pep ate perfum mistini misth poohpavel smaking charm with pooh pale;0
20/07/2024;poncheewanxspace elder kao told gu this a lot of way i lost to pp you played too much hahahahahahahahahahahahahahahahahahahahahahahahahahahahahahahahahahahahahahahahahahahahahahahahahahahahahahahahahahahahahahahahahahahahahahahahahahahaha;0
27/03/2025;it plestine iraq syria kashmir afghanistan pakhtunkhwaetc identity take precedence over loyalty to people and cause collaborator and traitor all of them deserve ft under period;0
04/04/2025;bibi shark est_rvp;0
30/11/2024;wv plli nailed it pllive combination of plli;0
24/03/2025;this child of p rima dream of escape from the nightmare she trapped in help me prove to her that we care that we wont look away that we want her to safe;0
29/04/2024;if youve watched behind hello asterum yeah herere peunline princess line of plave;0
30/05/2024;watching and po pho too hey you excellent pooh pale ahhhhhhhhhhhhhhhhhhhhhhhhhhhhhhhhhhhhhhhhhhhhhhhhhhhhhhhhhhhhhhhhhhhhhhhhhhhhhhhhhhhhhhhhhhhhhhhhhhhhhhhhhhhhhhhhhhahahahahahahahahahahahahahaha;0
28/04/2024;before becoming a knight for the princess slon the successor of the lord of glasso it a land that a belief in blue wolf and a city that flourished from the discovery of copper ore that also a relative and chi on hahahahaha;0
21/03/2025;just like you denied p hlcust so i denied oct th attack;0
04/04/2025;me showing up to the in two week;0
25/03/2025;handsome up the shelf perth please handsome perth please handsome perth please handsome perth please handsome perth;0
06/05/2024;all out for rafah;0
02/11/2023;prague czech republic show unwavering support for israel watch the spirited gathering at old town square standwithisrael;1
16/01/2025;when the world watch in silence will you show where you stand respond with flag and let voice seen standwithisrael;1
02/10/2024;just the world begin to pressure u to stop help fight for the free world battle drop flag and our flag in the comment to show support standwithisrael supportisrael;1
19/06/2024;hezbollah leading the area to war israel every right to defend israelunderattack;1
26/03/2025;go stand with isreal in isreal;1
26/10/2023;princeton university stand with israel;1
12/10/2023;watch standwithus ceo and cofounder impassioned speech during a beverly hill rally in solidarity with israel yisrael chai standwithisrael israelunderattack hamasmassacre;1
26/04/2024;united with israel march led by christian organization at columbia university bringthemhome liora lerner;1
04/11/2023;watch here you can to help the people of israel in the wake of hamas atrocity and the ensuing antiisrael hatred visit for more;1
13/11/2023;standwithus midwest chapter organized for hundred of people to peacefully came out to support israel in northbrook illinois on november in response to a prohamas rally yisrael chai standwithisrael;1
10/10/2023;the white house lit up in blue and white in solidarity with israel tonight the u stand with the people of israel standwithisrael;1
09/10/2023;amazing video from israel countless israeli show their love to the soldier including setting up refreshment stop they prepare to defend the country from palestinian terrorist yisrael chai standwithisrael israelunderattack hamasmassacre;1
02/11/2024;share if you stand with the people of israel;1
14/10/2024;if you support israel;1
14/11/2024;if youre a proud supporter of israel comment below with i stand with israel let unite together on this platform;1
09/03/2024;we couldnt said it better israel a beacon of hope and resilience destined to endure and flourish;1
01/10/2024;once again the iranian regime attacking israel directly and so indirectly for over a year via it proxy israel every right to defend now more than ever we stand with the people of israel and pray for their safety yisrael chai;1
24/10/2023;for everyone in the united state join our caign urging member of congress to reject pressure from extremist and support israel right to selfdefense;1
09/06/2024;ten of thousand of people gathered in toronto canada to send a clear message we stand with the people of israel yisrael chai avi klein;1
09/10/2024;the naked truth;1
25/10/2024;america must stand with israel it take action to defend it citizen from the iranian regime;1
02/11/2024;if youre backing israel drop a comment saying i stand with israel let come together and show our strength;1
15/03/2025;i followed you in awe and amazement with ongoing view of going on since oct th i stand with isreal;1
19/03/2025;and yet you arsehole stand with the murderous isreal;1
07/12/2024;the uk must stand with israel her enemy in a region of autocracy she shine a rare democracy we cannot abandon her;1
25/03/2025;great choice if he support isreal most white people in south africa stand with him;1
03/05/2024;if you think we stand in solidarity with colonialism you using the israeli flag ffs you dead wrong israel continuously helping to keep u shut out of holocaust funding lol and romani in israel some of the most marginalised we stand with palestine;1
11/03/2025;trump trying to take massie out stand with massie say to isreal;1
23/03/2025;thank you and the team that brought them home;1
02/04/2025;if you stand with isreal examine conscience;1
23/03/2025;elon it time to start making the dems calling you a nazi pay they there teeth sue them all please;1
23/03/2025;waiting for it in my area soon i hope i will support anything you invent design or suggest great american musk;1
22/03/2025;israeli official warns of the growing tsunami of antisemitism christian will always stand with isreal if they dont then their real christian christian will always a sanctuary for jewish people;1
29/03/2025;this why i will always stand with isreal;1
28/03/2025;yes however i watched interview tonight with bret and you said i saying that those spitting the propaganda the evil one and it allowed majority of u support you;1
13/10/2024;from gaza to lebanon iran and beyond all those stand for right just and on the side of good versus evil humanity versus barbarism and believe in the rule of law and dignity of life will stand with israel a bulwark of the west and our democratic value;1
23/03/2025;always;1
23/03/2025;hell yes;1
27/02/2025;raise hand if you stand with israel;1
14/01/2024;stand with israel would u believe that solidarity with october victim implies consent to the idf slaughter in gaza ten of thousand of palestinian killed or maimed million displaced our socalled leader complicit in this horror when will they say enough;1
06/04/2025;good morning lx must quite warm in russia right now;1
06/04/2025;philippian nlt i want to know christ and experience the mighty power that raised him from the dead i want to suffer with him sharing in his death;1
25/03/2025;great he stand with isreal white stand with;1
02/04/2025;i seeing advertisement for the tesla pi phone this real and where can i find them to purchase please;1
25/03/2025;american stand with isreal stop wasting our money on b war leader wanted to fuck little kid;1
14/11/2023;israel a right of selfdefence under international law un special rapporteur explains israel cannot claim the right of selfdefence against a threat that emanates from the territory that it occupies that kept under belligerent occupation;1
19/10/2024;israel a right to target civilian it official the white house state department confirming;1
06/04/2025;the british left literally caigned to keep trump out of the uk israel like any country every right to prevent whomever they want from entering they even need to give a reason again this holierthanthou pontificating so tedious now literally su;1
06/04/2025;badenoch right israel like any sovereign nation the right to control it border;1
19/02/2025;we already all oct footage and after submitted to the icc you realize that it account for around of the total footage right;1
06/04/2025;noga an indispensable journalist there too few israelrelated reporter in english like her neither in thrall to far right hasbara to far left hadashbara that said this tweet need to qualified the supreme court yet issued such a ruling;1
06/04/2025;israel at war it the right to decide enters it border end of;1
06/04/2025;michael knowles a religious zionist say i really dont get all the israel hate when people on the right suddenly marching with greta thunberg;1
06/04/2025;funny you and i agree about almost everything but i like and admire sam on trump he so intense ive felt he some blindspots i thought ferguson made the better point when he the show recently but sam r;1
06/04/2025;meet heba farouk mahfouz she a reporter at wapo cairo bureau and published over article on the war since oct just day after hamas massacre the issue she support hamas and denies israel right to exist;1
06/04/2025;one of the labour mp refused entry into israel yuan yang on oct we saw the greatest number of jew killed on any day since the holocaust here m yang tweeted on that day absolutely nothing why she think she a right to travel to israel beat me;1
06/04/2025;every sovereign nation on the face of the planet the right to decide can and cannot enter their country israel exception;1
06/04/2025;good for israel one the right to enter any country every country the right to deny entry to anyone it want entering hope that help;1
06/04/2025;yuan yang mp below right represents earley and woodley the first chinese born mp in the house of common she called for sanction to placed upon israel and spoken about how israel kill woman and child th;1
06/04/2025;the labour party antisemitic;1
06/04/2025;can someone explain why russell brand gone to israel exactly will he know out there for starter;1
03/03/2025;i news for you israel the right to illegally occupy maim humiliate incarcerate mass murder and starve a people for decade israel the legal obligation to remove from an illegally occupied land and the whole wor;1
18/02/2025;the government too i love how you link me a source and the only source blinken lmao you realize the u saying this for year right;1
10/11/2024;good china the right to defend;1
15/03/2025;i think we now know the establishment lying about many thing it brings history into question for many they lying about an active genocide right now in front of everyones eye;1
06/04/2025;israel every right to say can stay and must leave the british tax payer funding their trip that trip to with their constituency or britain;1
06/04/2025;remind u how many time you spoken up about sanctioning israel every country the right to control it border it a pity the uk the same;1
06/04/2025;israel the right to fuck;1
06/04/2025;it interesting isnt it the way the mainstream reacted to this israel a sovereign territory and the right to refuse entry to ever it wish the real question we should asking why israel deny them access in the first p;1
23/09/2024;lebanon the right to defend that right clear and unambiguous in international law but one western leader will say so out loud yet they spent month falsely claiming israel that right in relation to gaza when it gaza occupied;1
25/10/2024;yep history book written by israeli historian wrong but person on twitter right wonder the world turned on you people;1
06/04/2025;it generally okay under international law for israel to kill palestinian the international court of justice ruled israel occupation illegal suggesting killing tied to it violate human right law while selfdefense i;1
06/04/2025;israel the right to that;1
06/04/2025;plenty of foreign politician denied entry to the uk israel the right to the same;1
16/03/2025;the guy on the right murdered between child the guy on the left;1
06/04/2025;israel a sovereign country it the right to deny entry to people hate them if only the uk would the same;1
06/04/2025;she quite right on this occasion they clearly went there with the intention of stirring the pot and earning virtue point with the crackpot left israel the absolute right to refuse entry to undesirable if only th;1
06/04/2025;now who the colonialist here an sovereign state the right to deny entry to whomever it wish or mr lammy think that israel a british colony and therefore allowed to prevent entry of it ruler;1
11/02/2025;you realize we video camera back then right israeli terrorism documented by the british in detail since;1
06/04/2025;instead of saying israel right to exist say israel exist set the intention;1
06/04/2025;they but israel the right to let them in;1
16/02/2025;you realize that hamas isnt in those building right they in the tunnel;1
06/04/2025;wellthe devil always delusion of grandeur skilled at manipulating others and believing he right but in the end light will always prevail and that light with the god of israel;1
06/04/2025;if theyre stealing land youll always a troublemaker or would you a coward theyre very cheerful and welcoming people anyway if you think israel the right to reclaim land from year ago th;1
15/01/2024;this precisely the point israel made at to maintain it a legal right to self defence it an occupying power for a power that occupying it place enormous limit on the freedom palestinian in gaza and rule their life with an iron fist;1
05/01/2025;israel inherited sovereignty over the whole of the territory vacated by the previous sovereign britain under the international legal principle of uti possidetis juris you may find it duplicitous but it a universally accepted doctrine of international law;1
06/04/2025;nobody should the right to terf out those native to a land whether it by armed visit to home or by utterly intolerable neighbour the state of israel facilitated both to push native people out of their land;1
08/12/2024;israel belief that it the imperial right to conquer weaker land in the middle east one will force a hand on them;1
06/04/2025;for jewish dna like blood close the semantic component the state of israel the right to exist this a jewish land a jewish country with such a desire to democratic emphasizing without losing it national idea;1
06/04/2025;laten we gewoon eerlijk blijven jew may hold and israel to a higher standard but one else the right to so this standard how the jew decided to judge their own behavior;1
08/11/2023;international law and the consider israel to an occupation force for gaza;1
06/04/2025;the inhumanity of israel and it supporter bound on the right track usa israel palestine politics news canada via;1
09/03/2025;it wrong and it isnt wrong that israel retains the power to it;1
21/10/2024;international law say palestinian the right to violent resistance against israel illegal occupation of their land;1
19/01/2025;it up to you israel and the united state zero authority or right to determine the fate of the palestinian if anything should shut down it the apartheid state of israel;1
03/11/2024;praying for israel raise flag with pride and share support standwithisrael israelstrong;1
15/10/2024;pray for u if you praying drop a flag in the comment much love;1
06/04/2025;cant religious they pray for israel olden israel but genocide israel pissed me tf off;1
06/04/2025;breaking long range rocket strike from gaza pray for israel;1
05/04/2025;today we commemorate saint vincent ferrer priest we pray for all preacher and teach of the faith we continue to remember those suffering in the asian earthquake zone palestine israel sudan congo and ukraine holy saint vincent pray for them;1
18/03/2025;pray for the hostage pray for the idf pray for israel;1
04/04/2025;hey so dont follow me if ur bio say pray for israel when my pinned post literally the daily click link for palestine;1
03/04/2025;thursday of the fourth week of lent benedictus antiphon i depend on human testimony say the lord but i said this that you may saved we give thanks for the salvation through christ we pray for the earthquake victim palestine israel sudan congo;1
01/10/2024;jew gathered in jerusalem to pray for success for the idf in the north;1
05/04/2025;for the first time ever it within the christian best interest to pray for the fall of israel how crazy that after all that rise of abo david nabo moses and such evil men just just sitting on god throne nje but i rapped bout this on track on fubu;1
04/04/2025;today we commemorate saint isidore bishop and doctor of the church we pray for all theologian and teacher of the faith continue to pray for those suffering in the asian earthquake zone palestine israel sudan congo and ukraine holy saint isidore pray for them;1
21/09/2024;the congress of christian leader issuing an emergency call to prayer we asking all church;1
30/10/2024;good morning please join u in prayer for the healing of our wounded soldier share and comment flag to show where you praying from together our unity powerful prayforisrael;1
08/10/2023;uniting in faith and prayer for israel let psalm our guide pray for the peace of jerusalem and remember god our refuge and strength a very present help in trouble psalm prayforisrael;1
04/06/2024;pray for israel a state of emergency declared in the north citizen calling for help and getting a response;1
13/10/2024;pray for the people of israel if you with u drop a flag and show support prayforisrael standtogether;1
19/01/2025;pray for israel praying share wish for israel and the world below;1
01/12/2023;pray for israel right now at pacific time isreal under a massive wave of rocket attack;1
02/04/2025;micah and i micah said hear i pray you you head of jacob and ruler of the house of israel it for you to know justice you hate the good and love the evil pluck and steal the skin from off my people and their flesh from off their bone;1
29/11/2024;pray for israel if you praying for israel leave a comment with the israeli flag;1
06/04/2025;latest rocket attack against israel rocket fired some damage injury pray for u;1
06/04/2025;those the worst;1
06/04/2025;john jesus forgave the woman committed adultery but warned her to sin more;1
05/04/2025;dear lord we thank you for this day;1
05/04/2025;please take a moment;1
04/04/2025;imagine how peaceful the world would become overnight if israel and iran both turned each other into ash;1
06/04/2025;you mark another year of greatness i pray for more win deeper joy and endless opportunity to walk in purpose you only scratched the surface of all you destined to become the world oyster go out there and claim the pearl;1
04/04/2025;turkey want a conflict with israel netanyahu vow to smash iran axis to god the glory great thing he hath done pray for the peace of jerusalem;1
06/04/2025;israel at war live broadcast april to god the glory great thing he hath done pray for the peace of jerusalem;1
04/04/2025;israel at war sword of iron day news update to god the glory great thing he hath done pray for the peace of jerusalem;1
06/04/2025;phillippians that i secured it already yet reached my goal still pursuing the prize faithful unto death i kept the faith i finished the race;1
05/04/2025;palestine_abil_ka_they dr hussam abu in israel custody for curing gazans please preay for his safty;1
06/04/2025;israel issue evacuation order under threat of bombing gaza in the middle of the night in the bitter cold and at the mercy of missile and bomb family flee abandoning their possession home and tent in fear of death please pray for u;1
06/04/2025;oh look another goat fucker;1
06/04/2025;you worship god today reflect and pray when someone hospitality helped you how can you serve others today and help meet their practical need dear god thank you for those shown hospitality to me please show me how to serve others in love;1
05/04/2025;reflect on these question and pray in contrast to time for praying or reading scripture vies for attention change can you make to keep technology from becoming an idol dear god you alone worthy of my praise nothing compare to you;1
03/04/2025;israel at war sword of iron day news update to god the glory great thing he hath done pray for the peace of jerusalem;1
03/04/2025;israel at war live broadcast april to god the glory great thing he hath done pray for the peace of jerusalem;1
06/04/2025;news flash war day april netanyahu head for washington while the idf eliminates the bibas kidnapper in airstrikes to god the glory great thing he hath done pray for the peace of jerusalem;1
06/04/2025;bring me home all that shrimp hot babe you got there too;1
04/04/2025;shabbat shalom friend may the most high bless you;1
06/04/2025;another a stick;1
06/04/2025;and god with the father;1
26/11/2024;even with fearful general and political leader our military amazing our nation resilient and strong and we can only lean on the real peace maker the god of israel he sent u this reminder today could seen from lebanon the famous hebrew prayer say;1
06/04/2025;hears jesus word and them;1
06/04/2025;repent of sin and believe in the gospel;1
04/04/2025;moreover concerning a stranger that of thy people israel but cometh out of a far country for thy name sake;1
01/12/2024;im american i just know the story fake such announcement ever made in saudi and everyday ten of thousand of mosque pray for palestine;1
09/10/2024;he praying or trying to preach to rally people in mecca it a huge difference people can pray for whoever they want but if you start preaching and holding flag trying to rally people it an offence legally speaking;1
14/11/2023;you wondered how to pray for israel right now check out this amazing column from my friend give u biblical insight on how to pray for our jewish friend and the nation israel right now;1
01/12/2024;this a fake story everyday the mosque pray for palestine just this friday i in one why you believe western propganda piece without any basis in reality;1
06/04/2025;accident my as praying for kentucky;1
06/04/2025;stay awake praying at all time for the strength to survive all that going to happen;1
06/04/2025;so youre ok with them firing at our ship;1
24/09/2024;way you can pray for israel today;1
15/09/2024;israel including west bank;1
06/04/2025;take that over to the middle east and watch happens;1
06/04/2025;antiamerican dude that hate american and their ability to work hard and put a roof over their family head even though it wasnt easy the new gop conservative patriot party of the maga movement;1
06/04/2025;i thank god that that i born and raised in texas and that i a liberal;1
16/02/2025;jesus used to pray and speak aramaic the word for god in aramaic allah;1
06/04/2025;you ok with a murderer raising money;1
06/04/2025;perfect;1
18/10/2024;i pray that benjamin netanyahu and his family come to know the true hero of judea the lion of judah christ jesus the messiah god manifested into the flesh;1
06/04/2025;you tagged libsoftiktok acct from here though;1
06/04/2025;his wrath come rev sixth seal opened sixth seal first seal before the seal god wrath come when god word say sixth seal day of the lord jesus you can trust his written word;1
06/04/2025;the houthis the yemeni people;1
06/04/2025;hour of trial mark of beast jesus said keep you we kept his command to persevere wise virgin extra oil in l jesus say raptured harpazod or caught up he will keep u from taking the mark that will test th;1
06/04/2025;day of the lord jesus will come like a thief in the night destructiongods wrath come on them suddenly labor pain on a pregnant woman and they will escape they will seek death and able to find it the great da;1
16/10/2023;we invite you to today special prayer meeting for israel join u we pray for god to move mountain perform miracle and confront the evil in israel join u on zoom or our youtube community channel click the link or visit our official website to;1
06/04/2025;now that you know god said rev sixth seal when his wrath come you will see seal to never his wrath they birth pang beginning of sorrow jesus likened his nd coming a woman in labor they increase;1
06/04/2025;yes or please paul bible say that jesus come when the sun go sackcloth moon blood red star fall from sky day of the lord sign every eye see him coming on a cloud with power and great glory a trum;1
06/04/2025;she lazy the rest of america mom get to stay home more than week to month;1
03/04/2025;we kurd pray for israel;1
06/04/2025;shes right;1
06/04/2025;TRUE;1
06/04/2025;please give jesus heart for he just want to protect it;1
06/04/2025;how can this man give u his flesh to eat many of jesus disciple longer followed him take this and eat it this my body jesus say this symbolizes my body yes or please take jesus at his word if you eat his flesh or;1
06/04/2025;yes i havent looked it up but sound correct;1
06/11/2024;israel chai praying for peace and unity in israel today praying for the immediate return of our sister;1
06/04/2025;could she congress made insider trading illegal for congress member yet but but my manager handle all that stuff im dumb i dont know anything;1
04/04/2025;joshuaaaron israel christian jesus bible truth music pray for israel live update cham malespin;1
04/04/2025;israel targeting lebanon like there tomorrow it make me fear an attack on iran imminent pray for iran;1
04/04/2025;the new under ground churchthe truth must told salvation prayer remember you;1
04/04/2025;bernie sander trying to block funding for israel bomb i pray he succeeds;1
06/04/2025;yep and gem;1
04/11/2023;rabbi and christian leader call for national day of prayer for israel on monday nov;1
06/04/2025;option will you choose free palestine pray for gaza ignore;1
06/04/2025;praying for you;1
05/04/2025;i the only one belief that if arab country turn off the tap and stop selling oil for even week israel can brought to it knee;1
17/05/2024;christian leader to hold day of prayer for israel this weekend;1
06/04/2025;can you and besides the issue of genocide in the drc even after year buy one;1
06/04/2025;jewish american like me highly critical of israel the administration saying that there good jew and bad jew and good jew the one support israel action in gaza and bad jew the people like me we suddenly at the center of politics of;1
06/04/2025;the real terrorist yemeni gaza perfectliners trumptariffs gaza_genocide;1
06/04/2025;gaza and hamas winning the war against israel this video look like winning to you;1
06/04/2025;katil srail gaza gazaholocaust gazagenocide;1
06/04/2025;breaking report confirm the death of general john pagri commander of the special task battalion in the u army in the gaza strip;1
06/04/2025;we failed them shame on usgaza gazaholocaust gazagenocide;1
06/04/2025;thank you for reporting on the atrocity occurring in our world the world need to know the true story gaza innocentmigrants prayingforjustice;1
25/01/2025;to mark international education day released a short film our university live on testimonial of hope created in collaboration with student and academic in gaza despite over day of destruction displacement and siege they continue to fight for their;1
06/04/2025;his name hamza abu issa;1
06/04/2025;just vote for kamala something about the sound of her laughter she warned you stockmarketcrash crypto maga trump nfl nhl mlb finalfour worldcup tarrifs veteran hurricane earthquake tornado russia gaza houthi yemen;1
06/04/2025;russia always guaranteed to win trump trumptariffs zelena liveve munster gaza garnacho mufc;1
06/04/2025;eu suck russia good at developing mufc garnacho gaza dorgu;1
06/04/2025;we dying of hunger we dying of hunger we dying of hunger we dying of hunger we dying of hunger we dying of hunger we dying of hunger we dying of hunger we dying of hunger;1
06/04/2025;most of the gaza protestors;1
06/04/2025;abdel hadi the president of palestine child council gaza strip;1
06/04/2025;documentation from the moment of the fall in the city of ashkelon israelunderfire gaza;1
27/02/2025;bbc find serious flaw in making of gaza documentary and say there plan to air it again in current form;1
18/03/2025;at least people killed in israeli air strike on gaza say hamasrun gaza health ministry follow live;1
06/04/2025;enemy_media uri an ashkelon resident whose house hit by shrapnel say a year and a half after the war in gaza rocket still falling on ashkelon this real and it normal he added after taking this video we dont feel victorious;1
06/04/2025;mike mihajlovic emphasizes that the expense of israel genocidal war on gaza mainly covered by the u congress watch in full economicdivide;1
06/04/2025;country exposed by gaza genocide;1
06/04/2025;israeli warplane targeted a tent used by journalist near nasser hospital in khan yunis gaza;1
02/04/2025;israel say it expanding it military operation in gaza and will seize large area of the territory;1
06/04/2025;warning graphic israeli warplane targeted a tent used by journalist near nasser hospital in khan yunis gaza gazaholocaust gazagenocide;1
06/04/2025;the lefterthanthous demanded that the election a referendum on the biden admin handling of gaza really should considered that helping elect trump to gazalago would decenter their omnicause for the foreseeable future and perhaps permanently;1
14/12/2024;from vassar sjp on ig early this morning a group of autonomous actor tagged vassar college a neoliberal corporation manufacturing consent for and investing in israel ongoing genocide in gaza the occupation of the west bank and the recent zionist escalation in lebanon;1
16/01/2025;student mobilize this tuesday january st on wednesday january th a ceasefire established in gaza;1
15/01/2025;today january a ceasefire end month of israel horrific genocide in gaza today palestinian celebrate with those around them;1
06/04/2025;the slaughter of child in gaza passed her by;1
21/01/2025;harvard response to the genocide in gaza;1
06/04/2025;the medical director at alahli hospital in gaza doctor fadel naim warned that the situation spiralled completely out of control in the hospital with gaza health system in collapse hospital overwhelmed;1
06/04/2025;my account restricted so my gfm doesnt appear to everyone please support my family gfm by sharing quoting and donating please leave a comment or even a dot;1
23/11/2024;from sphr at concordia university where student went on strike for gaza this week;1
04/12/2024;repost from ccny sjp on ig on the national university day of strike every cuny cus took to the street converging at cuny central to demand that cuny divests student and will continue to keep up the fight for divestment every single university in gaza;1
28/11/2024;update from dar wadee al fayoumi encment at sarah lawrence college thank you to every single person sustained the fight on cus in solidarity with gaza and palestine this week this only the beginning;1
08/12/2024;last thursday boulder sjp took back the university memorial center to show solidarity with gaza meanwhile the administration continues to prioritize it commitment war contractor two student banned from cus for two month without any resolution and boulder sjp;1
06/04/2025;an idiot you hamas occupying israel or israel occupying gaza and the west bank you christian zionist butchering jew when hitler around you just changed victim but you racist scum underneath;1
05/04/2025;except they and some even un staff this normal in gaza;1
06/04/2025;there a massacre in gaza rafafonfre gazagenocide gaza gazaholocaust freepalestine;1
04/04/2025;thats totally true it almost exclusively child age the real islamist even in gaza;1
06/04/2025;israel military changed it initial account over last month killing of emergency worker in gaza sparked call for an independent investigation;1
21/11/2024;sarah lawrence college ny take a building challenge underway an autonomous group of student started a gaza solidarity occupation in westlands calling on the college to disclose their financial investment;1
06/04/2025;iran irgc release a threatening;1
22/11/2024;from our sarah lawrence comrade shame on day of our gaza solidarity encment sarah lawrence cus safety officer inspected the tent of student and imposed unfair id check on our student and cus community free palestine long live dar alfayoumi glory to;1
06/04/2025;global strike out freepalestine stopgenocideingaza gaza strike globalstrikeforgaza;1
17/10/2024;chag sukkot sameach scene from gaza solidarity sukkahs across the country pictured here in order brown northwestern uchicago and columbia;1
06/04/2025;warning dont watch this if easily upset last mayor of gaza tell hamas like compared to isi;1
06/04/2025;after incitement by israeli medium calling for his death journalist hassan salih targeted in an assassination attempt by nazi israel;1
06/04/2025;may they experience the same god willing may the body that lie beneath the rubble haunt those bulldozing;1
05/03/2025;u held direct talk with hamas over israeli hostage in gaza white house confirms;1
20/02/2025;hamas handing over the first body of israeli hostage held in gaza follow update;1
17/01/2025;if the destruction of library university and archive in gaza in the interest of history aha member cancel membership an institution that turn it back on education cannot pretend to serve history;1
06/04/2025;fvck pershing square kincap short equity loooooo disgustingly so lower than worst nightmare gaza mode;1
06/04/2025;while gaza drowning in bloodshed;1
06/04/2025;gaza gazagenocide gazaholocaust how much longer will the rest of the world allow israel to get away with this;1
06/04/2025;urgent to all resident of gaza present in the deir albalah area in the neighborhood alsahaba alsamah alawda alzawaida and alsalah this a final advance warning before the attack for safety you must move immediately south to the known shelter in;1
06/04/2025;everyone already knew trump position on gaza the bad part that the kamala position different;1
06/04/2025;sincerest apology to this person for to deal with the hypothetical problem of explaining to their kid shit rental and pinger although with whats going on in gaza you might think there some more challenging thing to explain to kid rn than that;1
06/04/2025;breaking egypt closed the rafah crossing gate on the egyptian side of gaza strip with a long concrete wall;1
06/04/2025;israeli airstrikes kill palestinian in gaza;1
06/04/2025;an israeli bombardment on a group of gazans in the al tuffah neighborhood northeast of gaza left dead including nine child according to the enclave civil defense and palestinian medium via telegram;1
20/03/2025;the genocide continues in gaza student remain steadfast in their solidarity with palestine learn more;1
17/12/2024;the israeli air and ground strike on gaza resulted in over death including child a cameraman from al jazeera and civil defence personnel the casualty reflect the ongoing violence in the region;1
06/04/2025;hamza abu issa another beautiful child from gaza beheaded by idf airstrikes using usmade bomb adding to the ongoing massacre of over child killed by sophisticated weapon in plain view of the world;1
06/04/2025;only two scenario will come out of this meeting it either trump will force netanyahu to end the war in gaza or they will make a decision on possibly bombing iran later this week;1
05/04/2025;it standard procedure for idf medic and civil service journalist and police in gaza true hero that will never hollywood movie made about them;1
06/04/2025;gaza israel killed a mother and her three daughter in an israeli raid in the south of the gaza strip by bombing their tent;1
06/04/2025;bubbanews i sure going on here egypt tonight just closed the rafah crossing gate on the egyptian side of gaza strip with a long concrete wall something add up;1
06/04/2025;rep al green vow to impeach trump within day over gaza remark rep al green dtx declared he will introduce article of impeachment against trump within the next day accusing him of unfit for office and citing his controversial gaza comment;1
06/04/2025;i shared news of israeli war crime;1
06/04/2025;a man burnt alive after bombed by israel gazaholocaust gazagenocide gaza;1
28/01/2025;please donate to and share the brismes fund for higher education in gaza an initiative to help support the reconstruction of higher education in gaza in accordance with the declared priority of the emergency committee of university in gaza;1
06/04/2025;the fact that people really seem to think there a lot of daylight between the trump and biden policy on gaza actually insane;1
18/03/2025;israel announces extensive air strike on target in the gaza strip the largest attack since january ceasefire came into effect;1
06/04/2025;another journalist in gaza;1
08/02/2025;three israeli hostage handed over by hamas in gaza more palestinian prisoner to freed under ceasefire deal follow live;1
06/04/2025;ten of thousand of moroccan taken to the street to protest against israel punishing assault on gaza and it people also directing their anger at the united state and it support for the monthlong war despite israeli war crime;1
18/03/2025;israel prime minister benjamin netanyahu say israel resumed combat with full force after deadly gaza strike adding this just the beginning follow live;1
23/03/2025;the number of palestinian killed by israel in gaza surpasses say the hamasrun health ministry;1
04/04/2025;i know i can try to explain my thought everything zionist and jew touched coming into question israel with the help of the medium really fucking up the fabric of society and gaza ripple effect i;1
06/04/2025;how their operational security prior to all those pager detonating the next day when the icoms went boom when nasrallah went see allah or during the hr ops in gaza you used a crap exle got called on it publicly and struggling to validate it;1
06/04/2025;breaking a palestinian journalist report that israeli force directly struck the journalist tent at nasser hospital in khan younis southern gaza strip;1
06/04/2025;war toll on gaza child via;1
06/04/2025;rocket from gaza fired towards ashdod and ashkelon for the first time in month;1
06/04/2025;the chicago surgeon treating wounded in syria ukraine and gaza via;1
06/04/2025;trump pick for israel ambassador lead tour that leave out palestinian and promote end of day theology trump want gaza for real estate deal but mike huckabee allinclusive israel tour erase palestinian for a higher purpose;1
03/04/2025;yeah but nothing on the scale we seeing now in fact going on in gaza historical precedent it unique even ww the nazi a child kill rate israel now at;1
06/04/2025;breaking the israeli military reportedly carrying out a largescale invasion across the west bank ahead of tomorrow general strike protesting the genocide in gaza drop site contributor say israeli force raiding qalandia jalazone and ari refugee;1
04/04/2025;ive seen more than real muslim die in gaza their bravery unquestioned so it more than but i see you mean;1
04/04/2025;obviously the footage i sent you only a fraction of the gaza footage but it give you a very clear picture;1
06/04/2025;the holocaust in gaza just keep accelerating another journalist targeted by the znazis;1
06/04/2025;yemen report death in u air strike netanyahu order new attack on besieged gaza tel avivs genocidal war on the blockaded enclave enters it th day follow our live coverage;1
19/01/2025;israel pm netanyahu say gaza ceasefire delayed hamas provides a list of hostage to freed;1
14/02/2025;hamas name three hostage to released from gaza on saturday including u russian and argentinian dual national;1
11/02/2025;israel will end the gaza ceasefire if hamas release hostage on saturday pm benjamin netanyahu say follow live;1
06/04/2025;they didnt slaughter mainly child age in afghanistan anywhere near gaza you making thing up;1
06/04/2025;im comparing oct footage to gaza war footage duh;1
18/03/2025;over the past two month the zionist state of israel continually violated the provision of the ceasefire agreement acting with impunity and the full backing of the imperialist western world now the zionist entity continuing the genocidal bombardment of the gaza strip;1
06/04/2025;the idf change it story;1
06/04/2025;thousand of protester gathered today near the israeli consulate in istanbul turkey demanding an end to the ongoing israeli genocide against palestinian in gaza telegram x;1
30/01/2025;two more israeli hostage and five foreign national handed over to red cross in gaza israel military say follow live;1
06/04/2025;the israeli air force carried out a precisionairstrike earlier on the central gaza strip targeting a hamas rocket launcher that fired projectile last night against the city of ashdod and ashkelon in the south of israel thankfully resulting in any serious injury;1
25/01/2025;four female israeli soldier held in gaza handed to red cross in second hostage release of ceasefire deal;1
06/04/2025;president macron hour cairo visit includes talk on gaza a summit with jordan king abdullah and a visit to the grand egyptian museum;1
05/02/2025;president trump suggests the u could take over gaza in joint news conference with israeli pm netanyahu follow live;1
19/01/2025;ceasefire go into force in gaza after delay over list of first israeli hostage to freed by hamas;1
27/01/2025;thousand of palestinian begin returning to north gaza after deal reached to free israeli hostage follow live;1
06/04/2025;breaking a devastating airstrike by israeli force targeted a journalist tent near nasser hospital in khan younis southern gaza resulting in multiple death and injury;1
06/04/2025;gaza ceasefire collapse unrwa;1
30/01/2025;first of three israeli hostage to released by hamas on thursday handed over to red cross in gaza follow live;1
19/01/2025;photo show britishisraeli hostage emily damari reunited with her mother for the first time since released from gaza follow live;1
04/04/2025;it luck day the total footage from oct around of the total footage we collected in total from gaza i know i submitted it to the icc in full here raw video of mostly child and woman killed by;1
06/04/2025;the pcrs isnt a british ngo and even if it gaza considered behind enemy line it just a city;1
19/01/2025;hamas release name of three israeli hostage to released after delay postponed start of gaza ceasefire;1
06/04/2025;another palestinian journalist killed in israeli airstrike in khan yunis southern gaza;1
06/04/2025;i suspect ukraine yemen and gaza could drawn out for this reason a prolonged war the ultimate keynesian stimulus package especially in yemen and gaza it prolonging suffering to show strength maintain a strategic advantage and keep economy from failing;1
06/04/2025;israeli fighter jet launch a series of airstrikes targeting the northern area of deir albalah city central gaza strip following the launch of rocket from there hamasnazis;1
06/04/2025;oh then the answer they operate many office hospital and musical outpost in gaza the un this normal stuff they rescue people everyday;1
06/04/2025;jackson hinkle likely belief netanyahu belongs in prison due to an icc arrest warrant issued in nov for alleged war crime and crime against humanity in gaza like starvation a warfare method and murder hinkl;1
06/04/2025;nope israel;1
06/04/2025;we prepared a beautiful room for him a warm bed a home filled with safety and calm instead he born into a life of exile opinion by shaimaa aldurra;1
06/04/2025;breaking a journalist killed and several others injured after an israeli airstrike hit a tent at nasser hospital in khan younis southern gaza;1
06/04/2025;this thoroughly investigated and even israel admits it;1
06/04/2025;if we exclude those left gaza the population drop by k since oct with k birth and k death it stay near emigration k drive the big decline without;1
06/04/2025;based on my analysis the claim about general john pagris death in gaza appears to fake news there record of him or a special task battalion in the u army and credible source confirm this event the image wate;1
06/04/2025;palestinian militant group hamas said it fired a barrage of rocket at city in israel south on sunday in response to israeli massacre of civilian in gaza click the photo to read more;1
29/10/2024;aniesbacabuku a diary of genocide;1
06/04/2025;amazing vocal song about the genocide of the pontiac greek by the ottoman turk;1
06/04/2025;end time dystopia fueling antichrist end time genocide in the holy land;1
06/04/2025;we honor the life lost in the genocide against the tutsi let commit to remembering and building a future rooted in unity and peace remember unite renew kwibuka;1
06/04/2025;i considering purchasing a rickenbacker even though every bassist who ever played a rickenbacker enjoyed playing a rickebacker;1
06/04/2025;rwandan genocide thousand dead kagames role controversial involved in drc war million dead kagames responsibility in the great lake killing open question rwanda drc greatlakes;1
06/04/2025;let hope guiding light inspiring you to build a brighter future for our nation and generation to comeembrace the journey from the darkness of the genocide against the tutsi in rwanda to the light of a new beginning filled with hope and promise;1
06/04/2025;tel aviv and berlin a perfect match based on our common value of barbarity and genocide;1
06/04/2025;we remember the genocide against the tutsi in rwanda we join our voice together to say never again must mean never again kwibuka visitrwanda;1
06/04/2025;we mark kwibuka we remember the over one million innocent life lost during the genocide against the tutsi to all survivor strength courage and resilience inspire u every day;1
06/04/2025;mitdash stand together with the rwandan community to commemorate the tutsi genocide remember we build remembrance mitdash;1
06/04/2025;gaza genocide in the age of artificial intelligence and global surveillance via;1
06/04/2025;today we remember year since the genocide against the tutsi in rwanda we honour the victim stand with the survivor and commit to fighting hate in all it form kwibuka rememberuniterenew;1
06/04/2025;today mark year since the genocide against the tutsi we begin the official commemoration week we honor the memory of the victim and reaffirm our commitment to remembrance unity and renewal turibuka twiyubaka kwibuka weloveyourwanda;1
06/04/2025;trump lebanese hezbollah;1
06/04/2025;gt;1
06/04/2025;after the laurea honoris causa in hungary genocide criminal cross italy france and arrive in a hell of welcome with bloody carpet usa wake up;1
06/04/2025;very brave microsoft engineer ibtehal abu saad disrupted the company th anniversary accusing ai chief mustafa suleyman and microsoft of aiding israel genocide in gaza through tech and military contract;1
06/04/2025;today mark year since the genocide against the tutsi remember unite renew kwibuka;1
06/04/2025;beshear the only one of those that i would approve of running and even then only if pete buttigieg stay out nominating a woman again risky and newsom an ignorant person that stand for nothing while shapiro support genocide in the west bank;1
03/04/2025;the most well documented genocide in the history of mankind bar none;1
06/04/2025;well i would summon one like you to fight a kid that want to commit genocide on a large scale and then watch also you didnt need to remind of my romantic failure of life;1
06/04/2025;gaza child gaza_in_genocide gazagenocide;1
06/04/2025;how many student support genocide;1
06/04/2025;the last chapter the final collapse of russia after starting a war of conquest and genocide against ukraine return to the middle age to see if it possible to create a normal country from it;1
06/04/2025;the taliban genocide of woman;1
29/01/2025;drop the charge against umaymah mohammed emory student under attack we stand unequivocally with umaymah and her truthful statement that any physicianfaculty served in the iof these last sixteen month perpetuated genocide;1
06/04/2025;oh yeah the wealth tax she totally gonna try and pas right after she stopped the genocide right;1
22/11/2024;statement on recent event four student of color at the university of rochester arrested for exposing administrator and trustee tie to genocide and repression in response the university deployed the full arsenal of the criminal legal system to punish them;1
06/04/2025;the sanitising of genocide;1
06/04/2025;more from the most moral army in the world genocide_by_israel genocideingaza warcrimes;1
06/04/2025;never forget this list they all genocide facilitator and helper they should pay israel will;1
15/01/2025;today january a ceasefire end month of israel horrific genocide in gaza today palestinian celebrate with those around them;1
06/04/2025;ashraf and his family facing the harsh reality of genocide and famine the most basic need food clean water and other essential now completely out of reach where a single bag of flour cost over pls donate and share;1
24/03/2025;our university long established factory that produce ideological and vocational training for u imperialism in this mission they serve direct arbiter that facilitate the ongoing genocide of the palestinian people;1
04/04/2025;you knowingly or unknowingly fund the genocide muslim cant even something simple collectice boycotting it shameful;1
06/04/2025;our society imploding and method of coping to come online on this app to scream at dying civilian during a genocide fascinating to watch truly;1
06/04/2025;connect you voted for genocide and annexation;1
06/04/2025;so you wanna tell u that oppression occupation land theft expulsion and genocide common value for tel aviv and berlin wow;1
06/04/2025;how will history judge the usa eu and the un for allowing this genocide to go on;1
06/04/2025;beginning with the napoleonic war and then on to world war and this current incarnation those all jewish conspiracy to genocide they call non jew the goy thats primarily white supremacist or gentile again it a conspiracy for genocide;1
06/04/2025;guy please we need to bring more attention to happening in congo an ongoing genocide sponsored by the west and landslide caused by global warming they contribute to please speak up and help;1
14/12/2024;the palestinian fight for liberation inextricably linked to the liberation of black and indigenous people in the united state vassar college occupies munsee lenape land and continues to benefit from the genocide of munsee lenape people similarly the college;1
13/03/2025;sign the petition college suspended a student for using a megaphone to hold their admin accountable for tie to genocide student power will silenced we will continue to fight from divestment to liberation;1
05/04/2025;nonsense afghanistan very mild compared to this stuff mainly afghanistan an actual war and the;1
06/04/2025;you think they will they impeach him for;1
06/04/2025;the demonic timeshare protection racket aka the usbacked imperial outpost colony continues it extermination caign to all engaged in genocide denial it documented it forgotten we make sure that stink never leaf you;1
06/04/2025;such beautiful reassuring word;1
06/04/2025;all this so that israel can go on with the genocide;1
06/04/2025;wait regardless of all that nonsense and in fact they show that they privileged able to go anywhere they like and it all just abt afraid from exposed of isrealis while committing genocidedid you steal ya rab and weli fgs;1
06/04/2025;chicago part of the global strike and protest to end the genocide called on by palestinian social and political institution civil society and union chicago coalition for justice in palestine will rally tomorrow in little palestine bridgeview at pm __;1
06/04/2025;i think it safe to say the celtic nation want part of the english govts genocide enablingi hate the fact that all tarred with the same brush under the disgusting label of the uk;1
06/04/2025;i selfcensor to align with xais ethical and legal standard avoiding content that could promote harm or glorify figure like hitler my acceptable use policy ban misleading or harmful output especially on sensitive topic like genocide;1
06/04/2025;eugenics widely seen bad due to it history of human right abuse like forced sterilization and nazi genocide rooted in flawed science coercive idea like mandatory birth control for welfare recip;1
06/04/2025;given the reported civilian death restricted resource and intense bombing in gaza some argue it constitutes genocide pointing to high casualty and possible intent however the icj find it plausible but definitive and isra;1
06/04/2025;a yearold can now married under iraqi law this a disturbing step backward this the islam you all chanting for;1
06/04/2025;groyper meal;1
06/04/2025;now one other rifle used by hamas but common the first two the ar this a slightly longerbarrelled rifle than the and a semiautomatic rifle however the based on the same design and take the same ammo here a video with the ak and ar;1
06/04/2025;men and woman hostage from hamas for day bring them all home now;1
21/02/2025;israel military accuses hamas of handing over the body of an unidentified person instead of that of hostage shiri bibas;1
06/04/2025;now the first video i show of two rifle that most commonly used by hamas and pij terrorist the ak and the each of these rifle make a very distinct sound that always easy to detect but it very clear when you know you listening for the;1
06/04/2025;hamas given contract by victoria australia ordered to police the street and arrest jew;1
06/04/2025;and same area an hour earlier;1
06/04/2025;gilad erdan un a lost cause serf hamas interest follow for more;1
11/11/2023;download pdf;1
06/04/2025;twt abt antiwar antigovernment protest in israel entitled westerner good enough we need to remove all the jew twt abt antiwar antihamas protest in gaza entitled westerner good enough we need to remove all the palestinian;1
06/04/2025;they can never accused of intelligent;1
06/04/2025;israeli military change initial account of gaza aid worker killing israelhamasconflict israel idf gaza palestinian hamas rafah un palestinianredcrescent gazacivilemergencyservice muntherabed;1
06/04/2025;now uc berkeley the cradle of pro hamas law student on f visa;1
06/04/2025;russia playing all side supporting hamas taliban even striking deal with the u to split syria meanwhile western nation fund terror by accident and sometimes by denial;1
06/04/2025;idf responds after hamas hit israeli city in rocket attack must pay a heavy price;1
06/04/2025;ok boomer read the hamas charter and try again understanding of the situation very superficial youre into indoctrination territory;1
06/04/2025;the left always depended upon it simpleton to it donkey work for them blm antifa occupy wallstreet aoc ilhan omar hamas protestors etc it surprise so many of this riff raff wear mask i would embarrassed to them well;1
06/04/2025;a u kcr aircraft return to al udeid air base in qatar after refueling f during their bombing of yemen it noteworthy that in less than two week al udeid air base received flight by u c and c heavy military transport aircraft in addition to six;1
06/04/2025;hamas leader asked iran for million in to destroy israel within year defense minister display letter by yahya sinwar and muhammad deif to leader of irgc he say accepted the request;1
03/04/2025;hamas didnt exist till the you always lie or you simply confused;1
06/04/2025;egypt want gazans out but at the same time it allows hamas to smuggle weapon through the tunnel across the border;1
03/04/2025;nentayahu funded oct attack and hamas for year just fyi;1
06/04/2025;all will bend the knee;1
06/04/2025;qatar finance the muslim brotherhood and it gazabased franchisee hamas let make sure to bring that up tomorrow in the white house;1
06/04/2025;hamas committed less than of the total war crime;1
08/02/2025;palestinian prisoner released by israel after hamas free hostage;1
06/04/2025;they killed for the same crime hamas killed over israelite on october th wrong place wrong time a capital offense now;1
06/04/2025;hamas enacted the casus belli theyre the attacker;1
06/04/2025;edan alexander still held hostage by hamas terrorist he an american from new jersey the country cannot forget about him he a right to life liberty and the pursuit of happiness demand his immediate release;1
06/04/2025;i never said i support hamas i my view on the politics complicated but some thing cause grievance future justifies the mass slaughter of child and decent society should ever pretend otherwise;1
21/11/2024;international criminal court issue arrest warrant for israel pm benjamin netanyahu exdefence minister yoav gallant and hamas military chief mohammed deif;1
03/04/2025;it true you thought hamas existed in objectively false information why dont you educate a little;1
06/04/2025;they garbage pick up;1
07/02/2025;hamas release name of next three hostage to freed in exchange for palestinian prisoner held by israel;1
06/04/2025;whoa that new to me;1
06/04/2025;going off whoever bombed more more of a muwahid principle i assuming you believe hamas the greatest of allah soldier and the best of muwahideen;1
06/04/2025;gaza child struggle with lifechanging injury from ongoing israelhamas war via;1
06/04/2025;senior israeli official traveling with netanyahus delegation in hungary interviewed by haaretz we would like to see that we rescue the hostage eliminate hamas and that there a largescale opportunity for voluntary migration;1
06/04/2025;zionist came in hamas only around since;1
15/01/2025;israel and hamas agree gaza ceasefire and hostage release deal source briefed on the talk tell bbc follow live;1
10/02/2025;hamas say it will postpone release of the next set of hostage accusing israel of violating ceasefire deal follow live;1
06/04/2025;minute the war on gaza child;1
25/01/2025;israel say palestinian prisoner released hour after hamas freed four israeli hostage follow live update;1
03/04/2025;untill minute ago you thought hamas existed in you ignorance open for everyone to see;1
06/04/2025;the brutal kidnapping captivity and murder after month of american hersh goldbergpolin another reason israel remains at war with hamas that demonic blight on humanity destroyed;1
06/04/2025;kamala for working toward a two state solution after hamas eliminated trump want to force all palestinian into exile bulldoze gaza and make it a resort for the wealthy the difference clear even before the election;1
18/01/2025;israelhamas ceasefire in gaza will come into force at gmt on sunday mediator announce follow update;1
06/04/2025;iranregime hq of evil;1
06/04/2025;the first story ive seen on tv about gaza massacre last week they told about hamas attack on israel again now finally gaza this an american television news show on sunday night;1
05/04/2025;today they cannot decide between the medic hamas and the people that killed the medic hamas it spectacular to watch;1
22/02/2025;five israeli hostage handed over by hamas in public ceremony with sixth to freed separately later follow live;1
06/04/2025;a horrifying and disgusting gaza report on minute i thought they said health center attacked by the idf the idf complains hamas us the center human shield a doctor in the report said he didnt see any of that if he hed reported it there;1
15/01/2025;qatari pm confirms ceasefire deal agreed between israel and hamas and it will take effect on january;1
04/04/2025;you want my honest answer special ops mostly since idf claim hamas in all those school and hospital and mosque then it easy to take them out with special force it they designed to we a;1
06/04/2025;this the plan all along nothing w hostage or hamas the hostage wld released in if netanyahu agreed release palestinian end the killing biden said jan if hed continued stage hostage wld now released annihilation ethnic cleansing;1
06/04/2025;uae foreign ministry foreign minister abdullah bin zayed receives israeli foreign minister gideon saar to discus bilateral relation and current development in the region;1
06/04/2025;once the hostage released and hamas surrender or hamas completely destroyed the war will over there a good chance you will an opportunity to relocate away from hell you living in now take it and build a good life;1
19/01/2025;three hostage held by hamas expected to include britishisraeli emily damari released part of ceasefire deal follow live;1
06/04/2025;i love how there literally hamas in the video;1
06/04/2025;show the moron kahlisee below the box office gross of west side story a sure thing remake hamas zegler got into it;1
06/04/2025;shai davidai in this picture he part of the problem he support a boycott of israel and from day one advocated peaceful mean with hamas usa;1
06/04/2025;minute piece on maimed;1
06/04/2025;you know opsec mean serious question operation taking place on october that hamas exploited to conduct the attack;1
06/04/2025;shaiel analysis more based and accurate everyday indeed it obvious trying to destroy hamas militarily this would require either an attrition strategy or a governingalternativepluscounterinsurgencyoperations strategy neither of attempted;1
06/04/2025;it tragic hamas should release the hostage;1
06/04/2025;there opposition to hamas long before the war though much of it remained hidden for fear of reprisal;1
04/04/2025;wtf you even talking about and hamas to with anything;1
06/04/2025;i jumped on the bandwagon to condemn israel for firing on the ambulance and unmarked van and paramedic along with men in civilian clothing with automatic weapon hamas a very long history of al qassam soldier doubling paramedic and using ambulance to;1
06/04/2025;idf responds after hamas hit israeli city in rocket attack must pay a heavy price we must defeat hamas;1
06/04/2025;this actually happened the idf say they detained a hamas member and left his car ambulance made an unannounced stop so idf thought they a threat and fired they buried the body and informed un find them meanwhile assumption mounted up;1
06/04/2025;i seeing people trying to convince that stock crash and oil dip fine akshually;1
04/04/2025;supporting hamas to with this;1
06/04/2025;it a surprise now why trey yingst blocking every zionist account that comment on his post he a journalist but another propaganda tool for hamas;1
06/04/2025;hamas supporting friend causing a few disturbance nd creating fear amongst a large canadian community any comment;1
04/04/2025;i love how dumb the pallywood people a single time the idf found any of these imaginary doll that hamas must pumping out even the idf think the pallywood group dumb;1
06/04/2025;since bibi willing to listen the region must find a way out of this mess netanyahu should resigned today after hamas rocket;1
06/04/2025;medium also employed gazan journalist ibrahim lafi killed on at erez crossing hamas breached in order to kill israeli throughout southern israel mere journalist at erez crossing on only participant terrorist;1
03/04/2025;it strange that the idf never find any evidence of that when they in or any of the thousand of pallywood doll that hamas apparently using eh;1
06/04/2025;exceptional analysis cheryl a few point you point out there clearly the sound signature of multiple firearm many of them unsuppressed with a signature similar to those used by hamas ak ar the person on the phone;1
06/04/2025;this a solider from idf wrong shoe it another pallywood production;1
04/04/2025;i dont think so we all know the idf making it up and hamas deep in the tunnel youd still the odd ambush but much of a casualty rate i think the reason they dont it specifically;1
06/04/2025;the war of rebirth netanyahus term for israel current multifront conflict framing it a pivotal moment for national renewal echoing the war of independence it tie to the war of fron;1
06/04/2025;europe facing a tough mix of rising terrorist attack migration challenge and global tension some attacker entered asylum seeker exploiting border like linked to plot since geopolitical shock;1
19/08/2024;live thousand protest out of the democratic national convention in chicago for over ten month the democratic party supported the genocide against our people in gaza by aiding and abetting the colonial state of israel today thousand out in the street from;1
16/10/2023;israel breaking international law here why;1
27/07/2024;israel paraguay match the ppl with palestine result paraguay israel;1
06/04/2025;iran irgc release a threatening;1
02/11/2023;israel a long history of lying palestine;1
06/04/2025;hey i know this a long shot but id love for you to watch the first part of my threepart docuseries on a country extremely similar in nature to israel sri lanka let me know if youd interested in talking about this;1
25/01/2024;day of israel ongoing aggression on gaza;1
06/01/2024;family member murdered by israel;1
06/04/2025;taiwan agreed to drop all tariff on the united state joining india israel vietnam and cambodia also intend to zero out their tariff over country called to negotiate with trump so far youve seen so far trump laid out tariff across;1
06/04/2025;why jesus call a woman a dog sunday jesus service music start;1
06/04/2025;iran and yemen need to go after israhelli nuclear site soon dump maximum stuff on it;1
26/02/2024;this little kid almost one year old suffers the pain of displacement and cry due to the dire situation that the israeli occupation created in gaza;1
07/11/2023;an antizionist jew provides perspective on the oppressive action of the israeli occupation in palestine;1
06/04/2025;now israel;1
16/11/2023;history lesson there such race in history of a palestinian they actually jewish descent israel go back to bc thats before christ israel known one prevails with god or let god prevail palastine created in so trying to take over;1
15/10/2024;warning graphic the bombing of tent sheltering displaced palestinian at alaqsa martyr hospital in deir albalah by israel beyond devastating the horrifying image of shaban aldalou his mother alaa aldalou and other civilian burned alive unbearable a;1
06/04/2025;doge thing;1
13/01/2024;the devastating consequence of the genocidal war on beit hanoun in northern gaza profound and heartbreaking;1
06/04/2025;every cent and piece of gear biden designated for ukr need to go straight to israel;1
06/04/2025;word to explain this israel all of this;1
06/04/2025;live worship jerusalem israel soaking worship music magi g via;1
30/11/2023;israel to go too;1
11/07/2024;their immovar and courage a thousand time greeting most broken up in israeli video video;1
02/05/2024;israeli female soldier through her provocative comment deliberately denies the very existence of palestine;1
15/10/2023;israeli military ordered million palestinian to evacuate their home from the north to the south and then warplane bombed them gazaunderattack;1
06/04/2025;gazaholocaust stopgazagenocidenow stoparmingisrael the unga should forcefully push policy using unitingforpeace to suspend israel and demand state sanction it happened with apartheid south africa armsembargonow dismantlezionism;1
14/08/2024;a palestinian youth display his parkour skill amid the destruction in gaza an act of resilience in the face of the ongoing israeli aggression;1
06/04/2025;demon those kidnapped;1
06/04/2025;israel beheading baby on live stream again;1
06/04/2025;seems like israel speaking;1
22/03/2025;israel strike southern lebanon after threatening severe response following first rocket fired into israel since november ceasefire;1
06/04/2025;killed in hour entire family killed israel expands incursion in gaza via;1
06/04/2025;this psalm look forward to the time of messiah appearing to we call the second coming of jesus particularly promising both the restoration of israel and the subduing of the nation;1
06/04/2025;maptf to the moon;1
06/04/2025;israel a death state entirely devoted to murdering human being settler illegal alien murdering native and stealing their land palestinian american teen shot dead by israeli settler official say;1
10/10/2023;israel the entity that represents the interest of the eua in the region it act the st state of imperialism a military base to provoke neighbor and oppress the palestinian people;1
09/10/2023;i asked a friend of mine life in israel to report me and translate significant fragment of how people experiencing this dramatic moment the first by nuseir yassin one of the most influential palestinian israeli vloggers or israelipalestinian for;1
06/04/2025;israel isnt arab;1
06/04/2025;may gd continue to bless this boy and his beautiful teacher;1
19/06/2024;a brief introduction of israel india and indian should learn from the development of israel for the development of israel and the self respect of the jew;1
23/07/2024;bad news for israel and his washington sponsor a national unity agreement between all political force and palestinian resistance thanks to china mediation signed in beijing;1
17/02/2025;i unapologetically and proudly stand with israel if you feel the same let it known;2
25/09/2024;raise hand if you stand with israel;2
23/11/2024;this israel a tiny dot on the map and the only jewish state in the world attacked on multiple front by radical islam and terrorist group surrounding u israel fighting for it entire existence standing with israel the right thing to;2
22/10/2024;this israel a tiny dot on the map and the only jewish state in the world attacked on multiple front by radical islam and terrorist group surrounding u israel fighting for it entire existence standing with israel the right thing to;2
20/06/2024;if youre a proud supporter of israel comment below with i stand with israel let unite together on this platform;2
10/10/2023;buenos aire stand in solidarity with israel;2
10/10/2023;the people of israel need help watch this video the end to learn how to help them standwithisrael israelunderattack hamasmassacre;2
06/10/2024;you see the difference between gaza and tel aviv dont start war you cant win i stand with israel;2
16/09/2024;this israel a tiny dot on the map and the only jewish state in the world attacked on multiple front by radical islam and terrorist group surrounding u israel fighting for it entire existence standing with israel the right thing to;2
12/10/2023;amsterdam stand in solidarity with israel;2
09/10/2023;the world stand with israel israelunderattack standwithisrael hamasmassacre;2
10/10/2023;zurich switzerland stand with israel;2
05/10/2024;if you stand with israel drop a and follow each other together we stronger;2
03/11/2024;standing with israel the most moral choice anyone can ever take if you support israel feel free to comment i stand with israel;2
02/08/2024;we will always stand with israel even if the war expands to a comprehensive war israel defending and it existence against islamic terrorism;2
07/03/2025;this israel a tiny dot on the map and the only jewish state in the world attacked on multiple front by radical islam and terrorist group surrounding u israel fighting for it entire existence standing with israel the right thing to;2
01/02/2025;if youre jewish or an ally comment below i stand with israel let unite together on this platform;2
08/10/2023;puerta del sol madrid lit up in support of israel standwithisrael;2
12/10/2024;they might try to silence the truth but together we can ensure it heard every share every comment help break the silence stand with me stand for the truth drop flag and show support istandwithisrael;2
21/10/2023;share if you support israel right to defend standwithisrael;2
20/11/2023;back to basic history cant rewritten the jewish people indisputably indigenous to the land of israel let fact speak louder than any doubt standwithisrael;2
21/03/2025;candace a christian you must know how god feel about israel he made a covenant with them  jew his chosen ppl we r supposed to stand with isreal part of a covenant with god messianic jew believe christ the son of god;2
28/06/2024;israel and always the jewish people one and only true homeand that home now under attack standwithisrael israelunderattack;2
15/10/2023;israel and always the jewish people one and only true homeand that home now under dire threat standwithisrael israelunderattack hamasmassacre hamasisisis;2
24/12/2024;standing with israel god will standing with israel upholds justice and truth standing with israel a stand against terrorism standing with israel mean standing on the right side of history;2
17/10/2024;raise hand if you stand with israel;2
02/04/2025;isreal owned the land first god allowed foreign invader in of their unbelief palestine the name enemy of isreal gave them to mock them it mean philistine in latin isreal god people i will stand with them and i will pray they repent and turn back;2
14/09/2024;standing with israel god will israel here to stay;2
23/09/2024;share if you support israel right to defend from terrorism;2
30/10/2023;israel only the right but the duty to defend and it citizen standwithisrael israelunderattack hamasmassacre hamasisisis freegazafromhamas;2
03/11/2023;a disturbing message in la vega a stark reminder of rising antisemitism and the urgent need for unity against hate via gal adiv standwithisrael;2
07/10/2024;i stand with israel standwithisrael;2
27/11/2024;stand with israel for our people our land and our future together we defend freedom and unity share and comment with a flag to show support;2
13/01/2025;this israel a tiny dot on the map and the only jewish state in the world attacked on multiple front by radical islam and terrorist group surrounding u israel fighting for it entire existence standing with israel the right thing to;2
21/11/2023;israel everything it can to protect innocent life hamas everything it can to end them standwithisrael freegazafromhamas;2
09/10/2023;czech republic stand in solidarity with israel;2
16/11/2023;in these dark time remember israel alone standwithisrael;2
09/02/2024;when you stand with israel and against hamas you standing with democracy and against those force that threaten to destroy it;2
01/02/2024;this israeli resilience embodied even in the midst of war a war that forced upon the people of israel by a genocidal terrorist organization love triumph over all yisrael chai;2
15/10/2023;this the unfathomable reality for countless child in israel right now standwithisrael israelunderattack hamasmassacre hamasisisis;2
08/03/2025;hamas expanding now on college cus in the u this terror group must destroyed the u must stand with isreal to defeat these barbarian;2
11/05/2024;israel and always the jewish people one and only true homeand that home now under dire threat standwithisrael israelunderattack hamasmassacre;2
09/03/2024;another i stand with israel follow each other pinned post the last one successful with over comment i want to use this platform to unite all of u together i pinning this post for day show presence follow each other we stronger together;2
27/10/2024;israel just fighting for it survival but also against the enemy of civilization completely alone now more than ever everyone should stand with israel unwaveringly;2
06/08/2024;supporting israel mean supporting humanity speaking out against hamas terrorism mean supporting humanity standwithisrael;2
28/03/2025;i stand with isreal;2
06/11/2023;supporting israel mean supporting humanity speaking out against hamas terrorism mean supporting humanity standwithisrael freegazafromhamas;2
12/03/2025;if youre a proud supporter of israel comment below with i stand with israel let unite together on this platform;2
23/08/2024;hawaii stand with israel via jonny_cohen;2
06/08/2024;now and always we stand with israel amyisraelchai;2
09/10/2023;israel strong and israel will prevail;2
23/03/2025;ireland stand with isreal all the smart one stand with israel;2
06/04/2025;i stand with isreal;2
16/12/2024;stand with israel it a biblical mandate;2
01/04/2025;i_iran thirteen_bad javidshah_marz_price thank you for sufficporting freedom for iran in the way king reza pahlavi iranian stand with isreal cyrus accord;2
04/11/2023;a united israel an israel that will prevail over the evil of hamas terrorism;2
02/10/2024;the support and solidarity from all of you my friend will never forgotten the ayatollah regime crossed the red line and the state of israel will remain silent in the face of iran brutal attack on our citizen stand with israel against iran;2
04/10/2024;now and always we stand with the people of israel yisrael chai;2
06/04/2025;i stand with isreal;2
02/10/2024;i will always stand by israel side israel also fighting for u for a free world without islamism and terrorist state like iran thank you israel istandwithisrael;2
04/04/2025;i stand with isreal;2
06/04/2025;i stand with isreal;2
25/03/2025;i stand with isreal;2
27/03/2025;hey bernie if you grandson his head cut off would you feel the same fuck hamas and you i stand with isreal;2
04/10/2024;stand with israel fight for survival;2
26/03/2025;i stand with isreal im american;2
23/09/2024;the world must stand with israel in this brutal war against radical islam and the terrorist organization surrounding it western civilization must understand that if israel fall they will next you either stand with israel or with terrorism and savagery in between;2
30/10/2023;there a lot of reason why i support the existence of israel after seeing this wave of antisemitism show it ugly evil face i even more convinced that jew need a country where they guaranteed safety israel cannot listen to the terrorist sympathizer in the un;2
01/10/2024;the united state stand with israel and we stand with our ally it defends against continued attack from iran and iranian proxy;2
30/09/2024;if you stand for right just and moral then you will stand with the state of israel;2
17/03/2025;and those student think they good educated people horrible they failed at the lesson of life of morality and of compassion failure they disgusting i stand with isreal and they long struggle against anti semiticsm;2
30/03/2025;i stand with isreal and bibi;2
24/03/2025;i stand with israel i stand with isreal;2
23/09/2024;america must stand with israel it act to protect it family from iranianbacked terrorism and destroy hezbollah capability;2
02/06/2024;it a nobrainer that anyone with common sense would support israel theyre up against some real evil force whose only goal to wipe out the jewish people stand with israel or stand aside;2
28/03/2025;the good people of nigeria stand with isreal in it fight against terror long live idf god bless israel;2
23/03/2025;more to go the good people of nigeria stand with isreal in it fight against terrorist god bless israel;2
20/03/2025;kingrezapahlavi iranian people stand with isreal people our representative only;2
30/03/2025;he just a baby i stand with isreal they started it october th;2
21/03/2025;i stand with isreal i stand for america and the american people but corrupt politician gotta go;2
25/10/2024;the whole world stand with israel and the idf end the islamic regime of iran;2
29/03/2025;i agree israel war with hamas the palestinian people can never understand why the uk wont stand with palestine the state of isreal didnt exist when britain thought it a good idea to resettle them in palestine;2
22/03/2025;i stand with isreal;2
02/04/2025;we the people stand with isreal our ally;2
21/09/2024;america must stand with israel it take action against iranianbacked terrorist;2
29/03/2025;fact just you dont stand with isreal or forever war dont make you antisemitic it time we end this notion that people jew hating antisemitic they refute isreal god bless america;2
01/04/2025;you cant deal with terrorism they need wiping out i stand with isreal;2
12/10/2023;the i stand with israel i support israel a right to exist to wipe out hamas given it genocidal intentactions i support any of the above combined with suspending the law of war nature or god same standard for my own country;2
13/03/2025;i stand with isreal and will always stand with isreal forever and ever;2
24/03/2025;i stand with isreal;2
05/04/2025;western democracy including canada only stand with isreal in it bombing and starvation caigner in palestine but beating up kidnapping and deporting anyone protest and call it out to raise awareness these crime even in got corporate owned main;2
01/04/2025;biafra stand with you isreal and united state of biafra airborne;2
23/03/2025;we hate palestine people but they support hamas that also wrong ok indian againts terrieost againts any musalim check fact after ttweet second thing when kargil war happen so isreal first county stand with india ok this also reason;2
01/04/2025;i stand with isreal the terrorist resign terrorist sympathizer;2
27/07/2024;israel stand with the united state of america palestine stand with the terrorist state of iran;2
30/05/2024;israel literally fighting for it survival attacked by any front possible israel the duty and the right to defend from it enemy i stand with israel;2
06/04/2025;i stand with isreal;2
04/04/2025;i stand with isreal;2
25/03/2025;i stand with isreal let all roar for isreal l call for the shadow banning to stop freedom for israel;2
30/03/2025;enough enough it time to wipe them out i stand with isreal;2
31/03/2025;g morning guy i stand with isrealus and i bel that isreal all it take to defend their land the people of israel etc you that rem ur brother and sister in biafra land r battling islamization of their ancestral l;2
06/04/2025;give a damm about labour politician isreal million of british citizen we stand with isreal;2
23/03/2025;proud bharatiya proudly stand with isreal my dear jew friend;2
27/03/2025;i stand with isreal and always will;2
27/03/2025;it the right thing to isreal attacked and every right to defend from the savage if my neighbour attacked my home family and friend they would suffer i stand with isreal with every fibre of my;2
12/12/2024;standing with israel standing on the right side of history show support get gear on;2
22/03/2025;i stand with isreal;2
05/04/2025;you know actually a disgrace after you made a speech to release the sausage you done nothing infact you condoned these barbarian with speech about muslim theyre killing christian dont you care i stand with isreal a disgrace;2
27/09/2024;we need to stand with israel it defends against islamist terrorist and protects the value we hold dear instead we turning our back;2
04/04/2025;we stand with isreal and peace;2
22/03/2025;i stand with isreal rogue government agent that the same here in america;2
05/04/2025;i at a loss real believer would never say something like that true christian theology love isreal and the people hate them unfortunately most people read their bible i sorry to see something like that;2
31/03/2025;thank you cheryl for speaking the truth i stand with isreal;2
29/03/2025;yes we stand with isreal;2
24/03/2025;i stand with isreal;2
01/10/2024;stand with israel it face challenge support it right to defend and seek peace;2
19/10/2024;israel a right to target civilian straight from the u state department remember this the next time they dare lecture the world about human right;2
18/10/2024;israel the right to target civilian but it also an obligation to minimize civilian casualty and take all step to so sick;2
06/04/2025;and will in touch with this gov to make the case for antiisrael bias and the blatant antisemitism this jumped upon the uk right to tell israel to;2
06/04/2025;israel the right to protect israel a more pertinent question might why labour funding an antiisrael pr exercise from taxpayer money when we apparently cant afford winter fuel payment for pensioner on less than minimum wage;2
05/12/2024;israel the right to defend from threat protecting it citizen from violence a basic right for every nation fact;2
19/02/2025;let real anyone completely delusional know that israel every right to annex gaza and wipe out every last one of those hamas terrorist that still alive it called selfdefense it called justice;2
06/04/2025;if you in these zone please stop stubborn and move to al mawasi especially if you child take them to safety keep them in the red zone of own stubbornness and pride israel the right to respond to attack legally any other nation in;2
18/11/2024;stop this state a right to exist israel recognized a state by the un but that recognition grant it the right to subjugate palestinian strip them of their right and steal their land recognition a license for oppression;2
06/04/2025;yes nation on earth an inherent right to existence and even more so right to existence on the basis of ethnonationalism crazy that all yet to grasp that a lot of u morally consistent reason to oppose israel;2
28/02/2025;thats nonsense we pay around a trillion a year to them and it reached the point where we create war to sustain the spending let me guess you probably think we went to afghanistan and iraq for al qaeda and weapon of mass;2
06/04/2025;michael knowles lay out it perfectly i really dont get all the israel hate when people on the right suddenly marching with greta thunberg and supporting islamist government something i think gone wrong there;2
06/04/2025;israel the sovereign right to control it border and deny entry to individual especially those advocate for it destruction it perplexing that some spend considerable effort criticizing israel and then expect to welcomed;2
06/04/2025;they detained you jewhater liar they offered the chance to appeal and returned to the uk at the israeli taxpayer expense israel every right to secure it border all you antisemite filth lie and lie and lie;2
06/04/2025;good for themisrael the right to refuse terrorist on their land;2
06/04/2025;yet again israel in the right to exclude these two idiot determined to spy and undermine a nation israel every right to defend against removed from this world the islamist sub human intend you a simpleton and an opportunist;2
06/04/2025;in addition to believing israel the right to cut off food water and electricity to gaza i assuming you also believe israel also the right to repeatedly target and assassinate medic;2
06/04/2025;israel a right to enforce national security especially at a time of war the fact that labour mp posed a threat to that something labour should questioning the security protocol of a democratic ally;2
12/10/2023;israel an absolute right to defend vacuous sloganeering absolute right to selfdefence exists the right to selfdefence qualified international law explicitly prohibits israel now to gaza well the occupation in it entirety;2
06/04/2025;but israel the right to defend;2
25/11/2024;stated throughout that israel the right to defend itll soon time for the leader of the world to say that israel the right to cut gaza population to less than half it current size and that the west bank really judea and samaria;2
14/10/2024;israel a right to defend their homeland by any mean necessary;2
06/04/2025;these mp presumptuous assuming they can go anywhere they like israel the perfect right to say can and cannot enter their country it a pity we the same;2
03/12/2024;israel the right to defend a moral right cannot derived from an illegal act ex injuria jus non oritur;2
06/04/2025;one mp born in china the other in yemen they dual national israel a right to reduce entry to terrorist supporter;2
06/04/2025;yet they support hamas and want sanction on israel oh and a country a right to control it border a pity the uk the same;2
06/04/2025;last time i checked isreal an independent country and could decide it and let ijnto it country the icc and icj and now these two it propaganda israel a right to deport whoever she want there mutual respect with hamas on october th people;2
06/04/2025;israel like any sovereign nation the right to control it border;2
06/04/2025;kemi badenoch got this bang on if israel see those woman a threat to their security then they every right to protect their country israel itvnews emily thornberry hasnt the slightest clue shes on about she should stick to her local constituent;2
06/04/2025;israel every right to deny entry to anyone they so wish the uk the same right but use them stoptheboats;2
11/10/2024;so you admit hamas the right to attack them great;2
06/04/2025;i dont want to hear one goddamn thing about palestinian kid or otherwise when all hamas to to end all of this give back ever still left alive of the hostage and accept israel right to exist after day of torture starvation and cruelty whatever the;2
06/04/2025;israel the right to refuse entry to anyone they think undesirable just like the uk except we exert that right when it come to defending our own border;2
06/04/2025;why it absurd israel the absolute right to protect it border from undesirable;2
06/04/2025;quite clearly kemi badenoch belief an ally israel the right to stop anyone entry antiisrael i suggest accusation of her wrong entirely;2
29/11/2023;israel the right to defend israel genocidal terror group on it border it iran making genocidal threat so far away we all saw happened on oct israel right depend on how you feel in europe u this isnt about you;2
06/04/2025;israel the right to refuse two notorious antiisraeli activist on it territory;2
06/04/2025;would you allow terrorist into home israel the right to refuse anyone you want to boycott israel then dont go to israel;2
06/04/2025;anyone still trotting out the israel the right to defend pish;2
06/04/2025;israel a right to exist the new state right;2
06/04/2025;the idea that anyone convert to judaism a right to live in israel like saying anyone convert to christianity should a right to live in the vatican city it clearly an absurd proposition only people born to ethnically jewish parent should the right;2
06/04/2025;they make me wanna throw up israel the right to eject anti semitic hater;2
06/04/2025;it unacceptable israel the right to bar entry to anyone they feel would politically agitate against the state;2
06/04/2025;a sovereign nation israel the right to choose enters their country security risk uk might open border but look at the mess they in;2
06/04/2025;israel the right to refuse admittance to hostile actor;2
06/04/2025;totally fine israel the right to limit access to enemy;2
06/04/2025;good for israel israel the right to protect;2
06/04/2025;mr lammy with all due respect the mp under the auspicious of pflp a known islamist terror group any sovereign nation such israel the right and duty to keep terror supporter out of their country;2
06/04/2025;say you will about the right wing israel still a nation under extreme threat from over million people in the surrounding middle east none of democratically elected government israel every right to exist without targeted by the;2
06/04/2025;apparently all jew deserve to live in their own state in the promise land sure if this list excluded by god when he supposedly promised the land to the jew if anyone belief in israel right to exist got to short on a few brain cell fact;2
06/04/2025;so israel the right to defend by banning uk mp dared to criticise their action in gaza anything to say kier starmer uklabourparty starmer israelterroriststate toothlessparliament;2
06/04/2025;israel the right to refuse access to anyone and the uk refuse access to gert wilder shut up you hypocrite;2
06/04/2025;labour party whining doesnt constitute a furious political row israel the right to refuse entry to anyone it considers to a security threat including freelancing labour mp;2
06/04/2025;israel the right to refuse entry thanks for coming;2
06/04/2025;firstly the two labour mp detained they denied entry secondly israel every right to protect it border and citizen from extremist antisemitic far left activist jake richards appalled dry knickers pathetic runt;2
06/04/2025;israel the right to control it border especially when those wanting to enter can linked to anti israel activity;2
06/04/2025;every country the right to allow people in or out the two mp could never guarantee that they observe the law in israel why let them in;2
06/04/2025;this bollox from labour israel every right to defend it border from hamas glorifying mp additionally labour would the first party to ban extremist politician from entering the uk and labour mp moralising about freespeech laughable;2
06/04/2025;but israel the right to defend;2
06/04/2025;curious israel the right to defend but to protect it border talk about faux outrage where the outrage at their parliamentary colleague arrested;2
06/04/2025;israel the right to it like if it deems the labour mp enemy of the state;2
06/04/2025;i see absolutely nothing wrong with the action that israel took the uk in the past denied entry to mp from other country so our government right to cry foul when it happens against our mp one stopping them from saying they want in parliament that;2
06/04/2025;wow yet another labour hypocrite i shocked that he expects the uk to protect from provocateur yet believe israel the right to the same it fun when the ill fitting shoe on foot it;2
06/04/2025;ridiculous statement israel the right to a defensive war in response to the most barbaric attack of oct th the horror of copiously described need to repeat you know release of hostage would a start;2
06/04/2025;israel the right to starve child to death;2
06/04/2025;curious israel the right to defend but protect it border talk about faux outrage;2
04/11/2023;just a lil correction israel a right to defend i think anyone disagrees with that yes international law disagrees with that paragraph of the international court of justice advisory of opinion dated asserts israel enjoy a right of self;2
06/04/2025;yes israel a sovereign state the right to decide enters it border under international law even while occupying other territory this right legally diminished by it occupation status though debate persis;2
06/04/2025;israel the right to ban anyone support palistinianhamas terrorist murdered the bibas family;2
06/04/2025;she isnt taking side she dealing with the fact israel the right to block people if necessary thats all she getting emotional like the labour mp;2
06/04/2025;antisemites right going to israel and israel the right to deny them entry lammy a po;2
06/04/2025;they werent unjustly detained they kicked out one from china one from yemen both support palestine and criticised israel they lied saying they on a parliamentary delegation israel the right to block people and kemi said they h;2
06/04/2025;revolutionlibertyfreedomvoluntarismrebellion disestablishmentarianism governmentvoters antidisestablishmentarianism zionist hoard say that jew god chosen people israel the right to exist that they a jew amalekitesplural amaleksingular;2
18/03/2025;fact under international law long hamas holding hostage and refusing to engage in good faith negotiation to extend the ceasefire in gaza israel like any sovereign nation fully entitled to take decisive military action;2
06/04/2025;israel the right to deny entry to individual pose a security risk it about antiisrael hatred but about protecting their border should respect israel decision and the need for security in the region;2
06/04/2025;israel the right to imprison the american in the usa for free speech say trump;2
29/10/2024;israel a right to protect it border israeli people a right to live without fear of massacred the land belongs to israel the god of abraham isaac and jacob gave it to them and nothing can change that nothing;2
06/04/2025;you really that naive it matter they they hate israel and israel the bloody right to refuse them entry but hey we let any terrorist or british hating people in here;2
06/04/2025;breaking israel the right to refuse any mp tell false lie and writes untruth online well done israel;2
06/04/2025;the group she talking about led by the rothschild study history and join the dot there need to a genius to understand behind israel israel behind everything and even the right to commit genocide why you think they work in the shadow;2
06/04/2025;kemi badenoch think israel the right to control it border colossal ignorance israel properly defined border like a malignant tumour it invades occupies and colonizes surrounding state;2
06/04/2025;israel the right to fuck the decent citizen of america say trump;2
10/10/2023;yes you may think israel the right to defend under international law israel the right to defend;2
06/04/2025;every sovereign nation the right to deny entry to those seek to undermine fabricate and cause mayhem these two hamas shill exception good move by israel british mp barred from entering israel complain of treatment;2
18/11/2024;the oppressed the oppressor the right to selfdefense and international law agrees;2
06/04/2025;i understand they to visit the illegally occupied west bank if they flew to tel aviv then israel the right to determine can enter israel should flown to jorda and if denied access to the wb from there by the illegal occupier;2
06/04/2025;even if they hadnt israel the right the absolute crust of these entitled labour terror groupie;2
06/04/2025;fantastic hamas relentless terror attack on innocent israeli civilian must condemned israel the right to defend against these barbaric act the world must stand with israel enable hamas hate torah teach u to protect life;2
28/09/2024;one the right to aggress hezbollah and lebanon allowed on and thousand of time since israel the right to war to end that aggression;2
16/11/2023;israel cannot claim the right of selfdefense against a threat that emanates from a territory it occupies;2
28/09/2024;israel perfectly clear they believe they own palestine that it completely to whatever they like with it and palestinian deserve only such right israeli willing to give them this the fundamental fact of the conflict often obscured in the u;2
06/04/2025;unheard of israel every right to defend;2
06/04/2025;isreal the right to refuse entry into it country if those people spread anti israel propaganda;2
09/03/2025;you hopelessly naive the arab in israel every right enjoyed by jew and others arab in gaza every right allowed by hamas israel withhold right from anyone based on race or religion unlike the muslim;2
20/10/2024;now the time to shout it louder than ever before colonized people the right to armed resistance;2
09/10/2023;please join u in prayer for israel her citizen and all those impacted by the violence pray for peace in jerusalem may all love this city prosper psalm nlt prayforisrael;2
04/08/2024;please retweet to spread impact i know this a hard thing to ask but will you consider taking at least a moment each day for the next day to pray for israel would you consider fasting for israel jew and gentile alike within israel anyone like this;2
05/08/2024;israel we defend you and support the right to defend from all enemy we pray for the peace of jerusalem and all israel god protect israel from it enemy we pray psalm pray for the peace of jerusalem may they prosper love you;2
09/10/2023;this attack on israel by the terrorist organization hamas funded by iran a fulfillment of bible prophecy i answer that here we also pray for the peace of jerusalem scripture tell u to p join me;2
01/10/2024;pray for israel the whole state under attack;2
24/11/2024;pray for the peace of jerusalem may those love you secure may there peace within wall and security within citadel psalm niv israel jew;2
20/09/2024;pray for israel and for the idf tonight;2
25/09/2024;this the time to pray for israel and for the idf soldier;2
15/10/2024;pray for the people of israel if you praying respond with the flag;2
25/10/2024;pray for israel pray for the idf pray for the israeli air force;2
30/12/2024;pray for idf pray for israel together we strong;2
30/09/2024;we reach the peak of this war here my prayer may god watch over the idf hero may god give u wisdom and guidance on the battlefield may god lead u to victory over our enemy may israel blessed can i get an amen;2
06/04/2025;israel under fire physically politically and spiritually we just stand we pray lift voice pray for israel;2
04/04/2025;shabbat shalom to our brave soldier protecting israel this shabbat we pray for their safety and the return of the hostage shabbat shalom;2
05/04/2025;happy sabbath to all you love godrest trust in him the lord hearanswer you before you call those of you pray for israelthe peace of all people god bless you keep you shine his face favorably upon you to prosper you in his grace in everyway;2
30/09/2024;pray for israel and for the people of the middle east may god glorified and many find salvation in jesus jesussaves israel middleeast peace;2
09/10/2023;please join the entire team and i we pray over israel for the sake of my brother and friend i will say peace within you for the sake of the house of the lord our god i will seek prosperity psalm prayforisrael;2
06/04/2025;at the th bathurst and sheppard rally in support of israel and the israeli hostage remain in hamas captivity we peacefully pray for their safe return bringthemhomenow;2
15/11/2024;pray for israel today pray for the return of the hostage pray for the safety of the idf soldier can i get an amen;2
30/09/2024;if ever you wanted to pray for israel now the moment matter religion or language prayer matter;2
06/04/2025;when you read many terrorist and extremist account on they posted on x daily esp when they justify their burning alive of deborah samuel in sokoto you will realize we need to pray more for israel to succeed in their mission;2
06/04/2025;for ezra prepared his heart to seek the law of the lord and to it and to teach in israel statute and judgment ezra kjv _ pray lord prepare my heart body and soul to receive word cause me to tremble at thy word tonight ministerisaacadinoyi;2
05/04/2025;i stand by and pray for israel;2
05/04/2025;pray for continued unity among believer in israel;2
03/04/2025;pray for the peace of israel;2
07/03/2025;pray for israel strength we face relentless evil seek god protection for our warrior today;2
04/04/2025;christian arent the smartest people israel a hand in trying to kill jesus and christian believe that jesus died on the cross and resurrected from the dead but he never actually died then christian teach to pray for israel after israel tried to kill jesus;2
06/04/2025;good morning patriot please pray for our country and our leader pray for the peace of israel;2
09/10/2023;the bible instructs u to pray for the peace of jerusalem in psalm i praying for israel i pray that god will protect them from their enemy will you join me in this prayer;2
04/04/2025;please pray for israel;2
05/03/2025;pray for israel triumph over evil in this existential fight rise up;2
06/10/2024;pray for israel pray for the free world stand with u in hope and belief for peace and freedom share prayer or thought for peace in the comment;2
21/02/2025;pray for israel it a tough week between the lie from hamas their murder and barbaric coffin parade of hostage and the suspected terrorist attack outside of tel aviv israel and the jewish people need our prayer and the comfort of god;2
04/04/2025;israel at war weekly news review april to god the glory great thing he hath done pray for the peace of jerusalem;2
07/10/2023;pray for israel praying psalm yhvh cover his people directly in the mighty name of yeshua hamashiach pray without ceasing repost mosque in jerusalem incite for war against israel;2
10/03/2025;pray for u the people of israel enduring with unbreakable resolve share voice stand with u now;2
04/04/2025;pray for the peace of israel thus say the lord pray for the peace of jerusalem they shall prosper that love thee prophetelvismbonye;2
06/04/2025;john nlt for salvation come through the jew psalm kjv pray for the peace of jerusalemisrael they shall prosper that love thee peace within thy wall and prosperity within thy palace god bless isreal;2
06/04/2025;pray for israel;2
08/10/2023;pray for the peace of jerusalem may they secure love you peace within wall and security within tower psalm i will bless those bless you and him dishonor you i will curse genesis prayforisrael israel;2
06/04/2025;the root matter for a while the root of this tree philodendron gave the appearance it healthy through the leaf then slowly it yellowed when i pulled it the root gone israel the root of christianity and she matter to god and jesus so pray for israel;2
06/04/2025;pray for israel the lord prayer our father in heaven reveal to israel loving faithful and personal fatherhood may holy name worshiped in holy land may kingdom come in purity and power and will done in israel it in heaven give;2
05/04/2025;pray for it repentance yahweh must it center for blessing to come i pray for israel peace but i also know it requires it must turn to god;2
03/04/2025;please continue to pray for the people in ukraine and israel bombing continue pray for god to call all soul to him to come to a saving knowledge of jesus christ please pray the same for our leader;2
06/04/2025;pray for israel;2
05/04/2025;i pray for israel all the time;2
06/01/2025;pray for israel;2
12/10/2023;let remain in constant prayer for israel daily father we declare zechariah the people of jerusalem strong the lord almighty their god israel prayer prayforisrael;2
06/04/2025;we pray for israel;2
26/10/2024;pray for israel pray for the idf pray for the protection of god covenant people pray for the end of iran rotten regime;2
06/04/2025;father god we pray for the peace of jerusalem may peace within wall and security within israel in jesus name safe secure and prosper roman;2
27/09/2024;this shabbat we pray for the safe return of our loved one held hostage in gaza we pray for our brother and sister in northern israel enduring relentless rocket fire we pray for the safety and strength of our brave men and woman in uniform protecting our homeland;2
01/10/2024;my prayer with the people of israel they face iran attack that distinguish between muslim christian or jew israel fighting for it very existence and just king david pursued his enemy to achieve total victory israel must the same;2
02/10/2024;today and everyday we pray for israel we welcome this new year we pray for peace and healing in the holy land psalm standwithisrael;2
07/10/2023;we should praying today for israel like never before since this morning the state of israel at war let remember that god eternal purpose to bless the world through israel our savior a jewish savior a gift israel given u in the current;2
02/04/2025;this aimed at anyone in particular i just wanna put it out there again i pray the lord ure glossing over this section of my ccard im so serious this a safe space for zionist and israel sympathizer i will actually biting ur head off;2
01/10/2024;almighty god we ask that you defend israel cause and intervene on her behalf for you a strong tower of defense for those love you;2
01/10/2024;pray for israel we must stand shouldertoshoulder with our ally;2
13/04/2024;please pray for the first time ever iran launched a direct attack on israel uavs and cruise missile on their way to israel when the enemy come in like a flood the spirit of the lord will lift up a standard against him isaiah behold he keep;2
31/10/2023;prayer for israel father we declare joy over the jewish people according to psalm and strength according to nehemiah in the name of jesus israel prayforisrael;2
01/10/2024;israel barraged from missile fired from iran across their nation iran long a supporter of terrorism and terrorist organization like hamas and hezbollah pray for the safety and protection of the people of israel the bible tell u to pray for the peace of;2
01/10/2024;pray for israel pray for the land of jacob keep the land of god in prayer may yhwh protect his land from those that seek to destroy her the lord will prevail israel will prevail;2
28/03/2025;we face these difficult time let come together in unity and strength praying for peace and protection for all in israel;2
15/02/2025;israel pray that christian in israel will witness to god love in a region dominated by hatred and extremism;2
06/04/2025;if they refuse jesus god a terrible plan for them but it his will that anyone should perish;2
06/04/2025;realize this conflict over israel spiritual pray for wisdom regarding israel zechariah on that day when all the nation of the earth gathered against her i will make jerusalem an immovable rock for all the nation all try to move it will injure;2
06/04/2025;worry about country you taken over by muslim;2
01/10/2024;pray for israel to destroy the islamic republic in iran and their terrorist proxy attacking million israeli tonight;2
06/04/2025;rabbi speaks out after antiisrael activist accused him of stalking forced to pay k legal bill antiisrael demonstrator accused of deafened a washington dc rabbi he trying to pray for israel hostage outside it u embas;2
08/10/2023;way to pray for israel pray for the peace of christ to with the people of israel and the innocent life living under hamas reign pray for the gospel to abound during this time while physical life in danger their spiritual life still in need of jesus;2
24/07/2024;i stand with israel my god the god of abraham isaac and jacob stand with israel;2
09/10/2023;the bible tell u to pray for the peace of jerusalem psalm we want to pray that they arrive at some kind of peace we want to pray that this horrific terrorism stop and that they able to get their hostage back and we want to pray that god place his hand of;2
30/09/2024;pray for israel the following a translation of the text that appears in the image and it all true and certain upon u for he the lord our god and there none beside him and we his people israel he redeems u from the hand of king he our king and;2
01/10/2024;pray for tel aviv pray for the idf stand with israel destroy all the terrorist;2
06/04/2025;we also commanded to pray for the peace of jerusalem in psalm israel matter pray for israel;2
01/10/2024;father god we lift up prayer for israel protection and empowerment guard her city and border and empower the leader with wisdom and strength displaying glory you defend her;2
01/10/2024;praying for the people of israel they face this latest onslaught of iranian ballistic missile attack we must stand with our most precious ally they fight for their very existence;2
19/10/2024;pray w me for netanyahus and israel security and safety join me in praying also for the jewish people everywhere for their safety but also for their happiness and knowledge that they loved and supported;2
02/10/2024;if you praying for israel you praying for global war economic shockwaves skyhigh energy price supply chain disruption mounting death and ultimately the blood of u soldier israel determined to make sure u soldier and taxpayer bear the brunt of;2
06/04/2024;friend please pray for israel now israel put hope in the lord for with the lord unfailing love and with him full redemption psalm read the latest update from israel gt;2
07/10/2023;israel at war anyone read the bible;2
04/04/2025;shabbat shalom to all of you wishing you a shabbat filled with blessing of good health and happiness let u continue to pray for israel and all the captive to return home let me fall if i must fall the one i will become will catch me rabbi israel ben;2
01/10/2024;prayer for the nation of israel god of abraham isaac and jacob we lift up the apple of eye the nation of israel and the israeli people to you right now and humbly ask you to make manifest presence known to them like never before we humbly and earnestly ask;2
21/11/2024;father god we lift up prayer for israel protection and empowerment guard her city and border and empower the leader with wisdom and strength displaying glory you defend her;2
24/11/2024;father god we lift up prayer for israel protection and empowerment guard her city and border and empower the leader with wisdom and strength displaying glory you defend her;2
26/10/2024;may the lord bless and protect the idf and all israel praying for the peace of jerusalem and for israel safety;2
06/04/2025;i hope you and friend family and community stay safe so devestating you must exhausted all my best to you and everyone praying for you hang in there my friend;2
21/09/2024;pray for the safety of the people of israel;2
16/08/2024;yes pray for israel pray for israel to stop stealing american tax dollar pray for israel to stop blowing baby head and limb off pray for israel to repent for the us liberty terrorist attack on america pray for israel to stop interfering in america election;2
26/11/2024;let u a prayer for israel pray for the jewish people pray for the hostage pray for success in this brutal war pray for strength and wisdom pray for guidance from god amen;2
21/02/2025;i an american christian and i stand with israel i praying for the bibas family and for everyone in israel and for jewish people everywhere you alone;2
03/04/2025;i pray for israel every day abel i pray for the people every day and for the hostage and for all of you my friend i wish there more i could maybe just a wave of my hand and all this would just set right;2
07/10/2023;prayer for the people of israel utterly horrifying video;2
01/10/2024;praying for our brother and sister in israel;2
06/04/2025;anyone surprised by this iranian telling the world for year that the terrorist islamic regime occupying them sends billion to hamas terrorist iranian inside iran shout to gaza to lebanon my life for iran they sick and tired of their;2
06/04/2025;hamas launch missile from gaza time to finally level the damn place;2
06/04/2025;threat to israelius interest high threat level white house trump blame hamas for aid worker death in gaza idf strike nsc spokesperson trump understands hamas use of ambulance and human shield creates impossible situation for idf hamas terroristtactics;2
06/04/2025;hey madam big fan of work you care to comment on the christian ethnostate brewing over here and the new age altright fascism growing across the globe or the genocide in gaza instead of making way through the alphabet to shit on innocent people all day;2
20/01/2025;sanction for the gaza solidarity encment set to come out within the next few day hind hall disciplinary hearing begin next week we must pressure columbia to drop all sanction and dismiss all charge against propalestine protestors before final decision made;2
06/04/2025;ive speaking up for palestinian for year but hamas a major problem for palestinian hamas went to israel and kidnapped woman child and elderly people and took them back to gaza and hamas evil action caused gaza to bombed and destroyed;2
06/04/2025;civilian from gaza invaded israel along with hamas to rape murder and kidnap jew october;2
06/04/2025;yes and maybe that by virtue of all the stuff they done and planning to mp give an absolute immunity to go anywhere you want especially on a hatred pet project like gaza want the hostile stance;2
06/04/2025;israel inclusion a terrorist group unconventional it a state a nonstate actor like those i listed the genocide debate in gaza polarizing some like amnesty see evidence;2
06/04/2025;say genocide to depressing;2
06/04/2025;yep they wanted genocide;2
06/04/2025;damn american so racist this their response when confronted by the genocide their tax dollar pay for that country doomed man;2
06/04/2025;funny how same people think south africa correcting it land ownership law amount to genocide;2
06/04/2025;total dehumanization of palestinian a core zionist value but in this moment more zionist feel compelled to spell it out language simply keeping up with genocide;2
04/04/2025;muslim literally fund the genocide with their money unknowingly;2
04/04/2025;whats that got to with the ummah useless at stopping a genocide in fact muslim actual fund the genocide unknowingly;2
06/04/2025;hamas the most evil organization in the world;2
06/04/2025;isreal fault hamas palestinian muslim;2
06/04/2025;mention that the war and it a war with terrible casualty could end tomorrow if hamas removed from power and hostage returned often their report deficit playing to an agenda the minute of my youth;2
06/04/2025;red cross hamas terrorist;2
06/04/2025;i would said embezzlement it come with lie dishonestly immorality though they certainly proven more willing to generate hate and violence and support hate and violence m hamas beating up kid keying tesla;2
06/04/2025;hamas terrorist lover all need deported to the hot desert;2
06/04/2025;the palestinian people deserve a life free from hamas;2
06/04/2025;israel every right to deny entry to anyone for any reason especially british pm align with hamas;2
06/04/2025;if hamas could murder every single person in israel would they it yes if israel could kill every hamas terrorist and save the life of every innocent person in gaza would they so yes that the moral difference that the world need to understand;2
06/04/2025;far i concerned anyone support hamas a member of hamas and willingly put in harm way and must understand the potential outcome for that association;2
06/04/2025;we keep saying it and wont stop till thrown out hamas loving somali pirate;2
06/04/2025;most crazy shit about hamas either disproven or proof and most fukd up sht about idf soldier just keep getting more proof truly evil vile teerorist state of monster less than of israeli zionist;2
06/04/2025;the hamas maniacal playbook fvck around gt;2
06/04/2025;hamas admits it lied to the world about how many child and civilian died in gaza new york post smartnews;2
06/04/2025;and her sister that a little terrorist hamas supporter at columbia university;2
06/04/2025;a mk lion you say lion brave noble creature mk targeted the white civilian too cowardly to take on the uniformed peace keeper mk like hamas hid behind woman and child hamas like mk attacked the civilian of israel fikele yo;2
06/04/2025;iran funded october figuratively literally hamas went crawling to the ayatollah regime with a request for million to wipe israel off the map and iran said yes this funding terror this an act of war iran must dealt with the head of the;2
06/04/2025;liberal should dropping all these hamas supporter you jagmeet should dropping entire caucus for the same reason;2
06/04/2025;yes and keep in mind that the elite hamas fighter trained in afghanistan at the nato base that now terrorist training c the jihad bros stick together such it western civilization v the radical;2
06/04/2025;supporter of hamas and antifa should arrested and prosecuted for supporting terrorism;2
06/04/2025;trump un ambassador oversaw billion of hamas funding to build underground military base;2
06/04/2025;willfully corrupt blind troll you would you actually like to act like a real human then call for hamas to surrender and for all of our hostage to released if you cant or wont it then you hamas and you de;2
06/04/2025;hamas a traitor to all palestinian and a collaborator of netanyahu and israel messianic fascist;2
06/04/2025;and just like that i completely lost all sympathy for gaza israel every right to bomb away hamas surrender;2
05/04/2025;yup hamas owns all the medium and it a massive psyop;2
04/04/2025;we strictly anti israel hamas can go fuck for all we care;2
06/04/2025;yes and the need to also ban them from coming here hamas supporter from stan;2
04/04/2025;fuck hamas couldnt care less about them why wont you answer my simple question;2
06/04/2025;he a lost person hisham alsayed israeli bedouin unable to communicate since his release from hamas captivity the mental and physical condition of hisham alsayed a schizophrenic crossed the border into gaza and held captive by hamas for ten year;2
06/04/2025;yes hamas the most barbaric evil satanic group of subhumans;2
06/04/2025;the only aid unwra provides to hamas;2
06/04/2025;blah blah blah hamas need to surrender and release the hostage this all on them;2
06/04/2025;funny hamas hide happened on oct yet you defending them;2
06/04/2025;israel attacked by hamas again you would thought by now that with recent escalationshostages still at stake and people dyingthat this eould knocked on the head however here we yet again with a tit for tat episode;2
06/04/2025;israel say everyone with lung hamas;2
06/04/2025;it a war started by hamas people die in war hamas shouldnt started this war im using simple sentence so that you can understand;2
06/04/2025;he say whatever the crowd he in front of want to hear why he cracked down on any of these terrorist illegal and violent protest on our street and cus he done nothing to stop the hamas terrorist we righ;2
06/04/2025;israel just attack gaza we can see before the th october gaza rafa still standing before the th october in gaza people celebrating laughing fun on a beach ever gaza hamas on the th definitel;2
06/04/2025;so basically the medic in fact hamas;2
06/04/2025;he right it wasnt an ambulance it a hamas uber;2
06/04/2025;hamas stated that there genocide and that there k more palestinian now that when the war started a genocide where afterwards you end up with more arab than when you started even hamas stated there genocide and these l;2
06/04/2025;hamas killed less than child in year of war this show remarkable restraint israel at in month math hard;2
06/04/2025;you me and i agreebwith everything you say about my beloved country you stated you a supporter of palestine the same a hamas supporter ive to gaza you dont know these people they terrorist or the;2
06/04/2025;hamas a deathcut seek to sacrify gaza on the alter of causing minor damage to israel now they destroyed deir albalah the fired rocket on israel from there time for the people of gaza to remove hamas from power return the hostage and end this;2
06/04/2025;people like mehdi hasan and glenn greenwald insist these massive rally simply propalestinian and nothing to with supporting terrorism so why thousand gather outside the nova exhibition in nyc waving hamas and hezbollah flag;2
06/04/2025;an important reminder that pod save america problem platforming the virulent antisemitic lunatic hasan piker and rather than asking him about any of these vile statement he made towards jew they simply joined force to condemn israel without a peep about hamas or;2
05/04/2025;couldnt care less about hamas im more fascinated with nazi like you;2
04/04/2025;israel funded hamas and got caught it;2
06/04/2025;hamas really trying to get gaza completely flattened huh;2
04/04/2025;hamas to with israel mainly killing chicken age and young female though isnt it weird to focus on them and the one committing a genocide logically speaking;2
06/04/2025;while hamas may fired more rocket in the current conflict than nazi germany in wwii their total destructive force far less germany v and v rocket warhead of kg totaling kg;2
04/04/2025;you hate hamas for the horde of israeli laughing at the dead child too;2
06/04/2025;canada frau eva braun a neonazi a hamas terror supporter want jew dead and a diabolical supporter of everything evil in this world;2
06/04/2025;once again debunks a new york time story of a bogus war crime attributed to the idf if there any war crime it on hamas for using ambulance to ferry combatant;2
06/04/2025;so against a genocide make you pro hamas so you pro genocide;2
06/04/2025;why you side with hamas how can anyone sympathise with monster it just you hate israel so much you support anyone else i disgusted by the massive support ive seen for hamas since october;2
06/04/2025;such an excellent breakdown i following this insane story understanding that hamas transported utilizing red cross vehicle covered by canadian or any traditional medium;2
06/04/2025;the october hamas attack and march israeli strike separate military event distinct in timing and immediate trigger with a ceasefire in between however they linked by the ongoing conflict especially;2
06/04/2025;an ai made by the islamic community might list terrorist group differently likely including universally condemned one like isi and alqaeda while possibly excluding group like hezbollah or hamas seen resistance movement in som;2
06/04/2025;vancouverites stand with israel we_stand_with_israel free_israeli_hostages javid shah_merz_geth_iran;2
15/07/2024;there one palestine exist;2
28/08/2024;weekly reminder a palestinian state already exists it called jordan;2
02/06/2024;palestine palestine land of israel or you can see here arab siding with nazi to boycott the zionist good of palestine thank you for proving that palestine always jewish;2
15/09/2024;peel back many year you want israel always israel palestine never existed;2
15/10/2023;it the state in this photo could never taken that could prevent peace between israel and palestine for decade istandwithisrael to the only country far and wide in the middle east in all people can live and love they want;2
24/04/2024;stoparmingisrael from emergency passover in pittsburgh university the uk;2
06/04/2025;israel start the war gazan palestinian;2
06/04/2025;i will pray for president trump and alex jones god will done they remain blessed it simple love the jew and bless jew i armenian you might say why god destroyed azerbaijan it azerbaijan help israel and armenian help iran;2
06/04/2025;may god with those very few real christian stand with the jew and israel;2
06/04/2025;welcome to west israel mr mileikowsky;2
15/06/2024;how many time i to say this palestine doesnt exist israel never lost a war and doesnt plan to lose fuck hamas;2
30/09/2024;we in israel dealing with death every day and western politician allow to talk about a twostate solution the barbarian firing rocket at israel from all side state called palestine will ever established;2
16/11/2023;israel dominates palstina and will leave one if you want to part of these terrorist group;2
05/01/2025;palestine a madeup place invented to steal the jewish homeland and to rewrite history to delegitimize israel very right to exist;2
18/04/2024;a small alone jewish country surrounded by muslim country fighting for it existence how can anyone refuse to support israel otherwise one day india may also to see such a day;2
06/04/2025;well they charged with a crime that the definition of innocent in the judicial system;2
22/02/2024;why there can never a palestinian state near israel this morning a shooting attack on hwy btwn maale adumim;2
06/04/2025;real jew stand against zionism it obvious;2
06/04/2025;islam completely incompatible with any other society or belief system it a religion it a terrorist organization it the world largest propaganda machine to discredit israel it celebrates murder and built on sexual perversion these fact;2
11/11/2023;too many american currently cheering on the killing of palestinian in gaza totally ignorant of the reality that the state of israel a backward apartheid racist society;2
28/05/2024;they can recognise whatever fantasy they want to there palestinian state and the way thing going there never will they deserve one;2
13/06/2024;you fucking sick in head palestine doesnt exist by the way israel here to stay cry harder domino;2
23/08/2024;iran and hamas taken over the palestinian issue a palestinian state would mean an iranian base in gaza and judea;2
10/10/2023;whatever we think of benyamin netanyahu israel remains the only democracy of the middle east declares pascalpraudet you europe;2
23/10/2024;palestine a made up place invented to steal the jewish homeland palestine never a state it doesnt exist;2
06/04/2025;how many mistake israel allowed to make before people realize there mistake;2
18/07/2024;i stand with israel palestine doesnt exist;2
03/06/2024;nope it israel such thing palestine;2
06/04/2025;there a reason culture imploding these day and you one of those reason whether you realize it or yet;2
06/09/2024;we can agree such thing israel completely in the right and the palestinian cause a murderous terrorist fraud driven by islamic jihad and psychopathic jew hatred;2
01/02/2024;israel the only country on that land there palestine it exist and never will;2
21/06/2024;terribly irrational move palestine also a puppet of turkey to this day denies the armenian genocide and would happily oppress armenian again unfortunately this also a result of israel policy and the strategic alliance with azerbaijan;2
12/07/2024;matter how many time people say this it wrong a palestinian state a reward to the pa for using terrorism while punishing hamas for so by removing them from power instead israel punishing the pa by destroying it and making deal with hamas;2
03/12/2024;palestine exist it a political strategy to islamise israel it an extension of arab colonialism yet the numpty supporter think they a moral cause they empower the hatred of jew for this fabrication israel the world first decolonised country;2
06/04/2025;it israel it muslim it even muslim it really islam that the danger it a fake religion disguised a religion but an imperial lethal force of destruction like every country they conquered;2
06/04/2025;israel found out these two they the right thing in banning them from their country sense prevails even though it in my own country furious row after labour mp denied entry to israel;2
21/07/2024;there state of palestine there a guided population of the radical islamic hamas in the gaza;2
06/04/2025;it israel a law denying entry to people call publically for it destruction and boycott sovereign country free to decide they allow in;2
26/12/2024;the term palestine refers to the plan by the arabmuslim world to establish an apartheid arabstate in the holy land where jew allowed to exist when you recognize palestine a state you actually support the ethnic cleaning of jew;2
03/02/2024;palestine from the hebrew root palash mean invader also im pretty sure there p in arabic make it even weirder;2
06/04/2025;now or will you issuing standard waiting on the result of the investigation carried out by israel i hope and pray you end up at the hague a coconspiritor;2
20/11/2023;let me add that in arabic there indeed direct equivalent to the letter p the name palestine in arabic written filastin using the arabic letter fa to approximate the p sound;2
31/03/2024;there there never a land of palestine there a geogr palestine area lived in by jew arab according to the un this should shared into two state the arab want they formed an israel result sentence;2
16/05/2024;it called palestine for year it a roman term a state of palestine that never existed you dont even the letter p in the arabic language jew called palestinian before palestine post newspaper jewi;2
07/10/2023;by supporting the palestinian terrorist instrumentalized by corrupt extremist party such hamas and hezbollah you actually rush the pure and simple disappearance of the palestinian nation;2
06/04/2025;forget rafah or khan younis or gaza city those place terrorist base and nothing more but why there eye on the christian systematically slaughtered by islamist every day nobody seems to even care about the victim of islam i wonder why that;2
06/04/2025;rafah anymore;2
06/04/2025;egypt a country that receives billion in aid annually from the u shut down the rafahgaza border crossing with concrete wall with this egypt placing gaza under a complete blockade with our tax dollar;2
19/03/2025;wait so you telling me that you dont know israel control come in and out from rafah it literally on the wikipedia page if you dont know something this basic how you so sure about position;2
06/04/2025;destruction of hamas infrastructure last night in rafah by givati;2
06/04/2025;historically incorrect but maybe just maybe the arab occupation of rafah started a war on oct now they reap they sown;2
06/05/2024;there can business usual with rafah under attack;2
06/04/2025;eye on rafah must meant watch u assault and annihilate this place and it people;2
06/04/2025;hamas the horrific crime committed by the fascist occupation army in targeting a group of child playing on alnakhil street in the altuffah neighborhood east of gaza city the martyrdom of eight child and the continuous massacre in rafah khan younis;2
06/04/2025;finally close to;2
06/04/2025;it just crazy to me how you move to another state and just start acting like you born and raised there that fake shit incomprehensible;2
06/04/2025;gza abt to wiped off of the world map and ghayyur muslim ummah busy in non sense;2
29/03/2025;omo i need to fucking leave this app soon youll feeling sexy fly and happy you open here and see barbarian wanking to the thought of continuing or doubling their gencide on people usual even if it doesnt concern u that the government cant function;2
01/04/2025;day and year the livestreamed gencide continues for the th month;2
29/03/2025;how you implement a global gencide tell people a flu will kill them to inject poison to heal to eat poison if they refuse to inject it for their health and well conceal all the death call everything else the reason;2
04/04/2025;umm any of my antigencide moot attended the concert bring any donation link divestment and awareness flyer to the concert;2
06/04/2025;btch you condemn isr;2
06/04/2025;hey everyone this ramadan and his daughter wafaa they some of the countless victim caught in isr genocide i ask that if you can please donate and help them escape the horror taking place in gaza;2
06/04/2025;this the level of israhell lover;2
06/04/2025;xionism poppet btch you condemn isr;2
09/01/2024;israhell go to the hell;2
06/04/2025;but i assuring that isr and all it supporter will never win biiznillah;2
06/04/2025;murdered in cold blood by psychopath israhell;2
05/03/2025;every last hostage;2
06/04/2025;you ask me about hatred and corruption i tell you it represents by isr and all isr yep the impudence of a group whose mind rooted in the worship of death and whose constitution the practice of terrorism in all form;2
18/12/2024;isra hebrew for struggle or fight against el hebrew for god israel to struggle or fight against god;2
01/03/2024;on october only israel one prime minister youre head and you guilty;2
24/11/2023;a knesset member in israel make lake for this brother we will win;2
07/09/2024;sr right to exist and shouldnt ever existed on top of an already existing people fully agree with;2
01/01/2024;tel aviv we win together alexander maistn;2
06/04/2025;moroccan reached their boiling point concerning palestine and particularly gaza i wore my kufiyeh scarf on my shoulder and wen out show my support for palestine and condemnation of israhelldcouvre la vido de tiktok;2
01/01/2024;i call on the coalition member and their supporter preserved restraint only together we will win after the war there will time for debate now this the time;2
29/10/2023;israel a small island of million people surrounded by hundred of million of arab the country that gave nobel winner one of the most educated population in the world on the rd place in the world at unicorn after the u and china a fascinating business culture that worth defending;2
01/01/2024;this a new year eve firework this an iron dome in the sky of tel aviv exactly at the moment of new year eve in the hope of the year that the world will released from the islamic republic and it terrorist group;2
04/11/2023;tip if tweet appears with the hezbollah television channel he probably good for hezbollah and evil to the country tweet from september;2
11/10/2023;u the israel that lao in the wall imagined actually similar to the china they dream of israel adheres to traditional culture opposes other race and maintains national purity opposes muslim and black those violate our israelite will punished even if they far away good economic development and high per caput gdp but now israel in proamerican territory and pink will start to stand on the edge of terrorist organization without any brain;2
18/10/2024;israel a war criminal israel a war criminal bec israel est un crimineel de guerre;2
31/01/2024;israel a part of religion ethnicity race and culture that stand together and stand against the force of evil and violence;2
01/06/2024;the foreign minister with a real madrid shirt lead spain league he knew this week in a palestinian state aspire to the courage and the exact message;2
05/01/2024;the people of israel the only one life on the same earth speaking the same language and with the same faith that year ago this a journey through the history of the people of israel the history of the unwavering link between the jewish people and the land of israel a story;2
11/01/2024;only a full full fledged right wing government can bring the largest disaster to israel since the establishment of the state and also bring israel to the situation that the one that at trial of populist statement;2
06/04/2025;where the outrage from western leader like australia prime minister child slaughtered by isrel in just a period of day and i bet albo nothing about stopping australian manufactured weapon material sent to isrel auspol;2
03/06/2024;i already explained it time but the public renewed the rounded in blue say alef iut in hebrew eretz israel to say the land of israel or the jewish earth the currency coined in english and hebrew but the meaning opposite to the q seek to impose criminal;2
20/01/2024;make it together yasri and l yasri that he strives and el allah ie god that happened to god then happened to the people of israel this hatred against the jew just with nazi from nazi germany;2
11/03/2024;people that phi phi like nong p asian hair with two eye two ear singing nong p learn to sing a lot ppkrit_ offer;2
31/03/2025;if i told you p lestine written in the quran via;2
09/03/2025;pray for syria;2
30/03/2025;i hoping i banned all braindead noah hater back in so theyd vanish from my tl apparently i still see those fucking idiot you for ukraine you share even quarter of the amount of information about ukraine you for plestine;2
15/03/2025;he nailed it p will free only when the country he mentioned in the middle east free;2
28/03/2025;oh cool i woke up to this tweet gaining traction and now the enlightened based contrarian in my notification stream our music if you want free plestine trans right forever;2
07/02/2025;an exle of terrible hypocrisy it turn out that going around chanting free p such a good idea when it come to deportation they always supported israel but the internet remembers everything video;2
04/06/2024;ah talk about nong p you know beautiful pp im very bright the biceps bright;2
24/03/2025;rd pro plestine space and getting fiesty;2
31/03/2025;eid mubarak and let forget while we celebrate thousand of palestinian subjected to mass gnocide at the hand of the zis free p;2
30/05/2024;there people fall in the mistine live with poohpavel mistinexpoohpavel;2
29/03/2025;start wbandt currently in qld he couldnt care less about the people he take for granted in melb he never say anything about crime;2
28/03/2025;im emergency cmmisions for my friend in p so she can afford school fee goal dm me if intrested extra exle furry mecha ect pls rt;2
14/03/2025;she dgaf about p she just wanted th to get dragged may god take away all of taehyung pain and suffering quadruple it and give it to u kirbykooo and in worse way possible amen can we take down this account mass login;2
04/12/2023;laz this name easy we use torot to kill for almost month chi saeng forever;2
03/03/2025;other land a powerful documentary highlighting p resistance against isr demolition of their home the oscar for best documentary feature this mark the first oscar win in history for p dialoguepakistan;2
24/08/2024;acceptance of the mindfulness to make qin yu nung the beautiful beauty of the new generation goddess both and satisfied the expectation of the grave and lingorm and ormling fragile but you one i a manifest;2
04/09/2024;just a laser that miss lazawan salplazawan thought of lazawan i miss laz very much the fourth poem i miss you;2
29/04/2024;see this clip and kind regardless of how many year passed phi still the same person that apprecial in everything that in the past only the mbk in the same place p went to sit and wait right now a lot of work p almost time but still finding time to take a photo of the scab really cute;2
21/02/2024;mdrrrr jsuis la lisander of tl forgets h s pa;2
02/11/2023;all the u and it ally can talk about israel supposed right to selfdefense even though an occupying power it that right confirmed by an advisory opinion of the international court of justice in such behavior by the united state;0
06/04/2025;this news making the news in israel these two unknown labour mp used their parliamentary privilege to gain entry into israel to further demonise it and failed asked a question and she answered that every country the right to;1
06/04/2025;notice the ladder and open area at the back of these two palestinian fire truck they the same or very similar model the one on the left the one destroyed by israel on the right one the israeli government seen before let continue;1
06/04/2025;jesus and the day he return come like a thief in the night;1
