created_at,full_text_processed,label
06/04/2025,anybodi need chip insert brain name fafo satanyahuhu trump order elon implant one delay sick mind gaza kill stop,0
06/04/2025,pledg support justic digniti peac gaza join stand peopl palestine help rebuild live futur add voic today standwithgaza justiceforgaza,0
06/04/2025,take posit gaza take posit gaza one live rest life,0
06/04/2025,children gaza stand proof world look away dont look away,0
06/04/2025,donat famili gaza struggl surviv war everi littl bit help get food water plea consid help share donat one love free free palestine free free gaza lt,0
06/04/2025,ousman noor instruct stop gaza genocide weve launch campaign estbalish intern arm forc stop gaza genocide instagram,0
06/04/2025,remind feel life hard plea rememb peopl gaza suffer still stand today god merci power resili weak human,0
20/01/2025,suspen gaza highest honor repost instagram,0
06/04/2025,plea dont stop talk gaza,0
06/04/2025,salut courag ladi express big forum microsoft israeliwarcrim gaza gazaholocaust,0
06/04/2025,idf crime human stoptradewithsettl endisraeliimpun sanctionisrael aparthiedisrael israelinewnaz stoparmingisrael israelterroristst endzion stoparmingisraelnow unseatisrael freepalestin gaza gazagenocid gazaholocaust,0
06/04/2025,stop holocaust gaza,0
06/04/2025,stop world gaza,0
06/04/2025,help obada famili escap gaza war reclaim live plea support gofundm donat share everi bit help make differ,0
06/04/2025,abl match last new campaign anyon el leav famili behind gaza final got chanc medic evacu sever injuri plea help make sure theyr provid,0
06/04/2025,morocco rabat freepalestin stop gaza genocide,0
06/04/2025,lie palestinian info center half million follow facebook post photo actress katherin heigl play dr izzi steven grey anatomi identifi french doctor travel gaza offer medic help,0
06/04/2025,america alreadi directli respon genocide gaza combat troop ground nation cross rubicon,0
06/04/2025,stop genocide gaza plea,0
06/04/2025,qaza palestine gaza citi resili patinc,0
06/04/2025,plea help oday famili donat share,0
06/04/2025,promin leader target american aircraft martyr sarim ibn sheikh saleh alsuhaili one martyr american aggress home saawan area sanaa children yemen less import children gaza,0
06/04/2025,peopl idea tini strip gaza,0
04/04/2025,think issu indian ignor instanc think kashmir horrif around children die dont think gaza genocide children kill,0
06/04/2025,kid gaza ask justic ask water light night without drone overhead haunt pay attent,0
06/04/2025,dont water drink need support provid water us campaign receiv support last two day plea help three young children,0
20/01/2025,ig last week columbia held disciplinari hear alleg student protestor gaza solidar encamp hear student spoke brave commit fight toward free palestine forc univ,0
06/04/2025,world fail gaza palestine never forgiv never forget someon say one bad thing hitler act earlier mayb chanc respect normal jew zionist human anim hell earth,0
07/12/2024,fight far humanitarian crisi gaza worsen ulc must activ work incorpor palestinian perspect program partnership school public health claim stand equiti social justic without address,0
18/03/2025,two week brutal sieg deni palestinian lifesav humanitarian aid drone strike kill dozen israel occup forc renew escal bombard gaza announc total collap ceasefir alleyesongaza,0
06/04/2025,power show forc warmong billionair peopl intimid remain street defen palestinian peopl collect human free palestine end usback israel genocide gaza,0
06/04/2025,notic racist chabad princess make sure use photo associ khalil gaza supposedli derang libtard retard part think mean kill lol,0
15/01/2025,student movement palestinian liber commit fight ahead rest achiev divest secur arm embargo end sieg gaza,0
06/04/2025,journalist burn live feed gaza right cour suppo normal,0
06/04/2025,gaza directli bomb israel starv death israel prevent humanitarian aid get,0
07/10/2024,american univ cairo today year genocide gaza auc student climb rooftop sse build assembl hour rai two banner campu could see st banner read one year genocide nd read today,0
06/04/2025,free phalastina free gaza,0
21/11/2024,sarah lawrenc colleg defend student intifada day institut ignor genocide peopl gaza demand disclo financ invest divest death ralli demand disclosur divest,0
06/04/2025,undersecretari ministri health gaza war death among children record due malnutrit face new number unless food suppli allow,0
06/04/2025,intern call global strike monday april solidar gaza reject ongo israel massacr palestinian,0
06/04/2025,israel commit genocide gaza,0
31/12/2024,us empir zionist entiti increa aggress famili love one gaza across region student movement across world stood fought back institut complic genocide,0
15/11/2024,tuft bent zionist donor school student ask student univ hear cri gaza recommit fight toward divest togeth help creat free palestine within lifetim,0
12/03/2025,us ramp militarist repress home enabl zionist entiti cut electr gaza mahmoud protest american fascism zionism go hand hand,0
06/04/2025,massacr muslim take place gaza im horrifi read muslim prioriti social media plea voic unlaw kill gazza,0
06/04/2025,stop talk gaza,0
04/04/2025,footag gaza sever order magnitud wor footag holocaust vietnam even dresden combin,0
06/04/2025,might next martyr realiti voic gaza long nightmar last,0
19/01/2025,ceasefir begin honor incr resili sacrif peopl gaza let continu support mutual aid effort organ erad zionism campu work begun,0
14/10/2023,jakarta poor air qualiti allergi continu horrif updat war crime gaza didnt get much sleep last night pray donat amplifi underreport ground truth el palestinegenocid,0
06/04/2025,shout karachi merchant strike gaza host netanyahu washington,0
06/04/2025,sadli trust anyon gaza blame rather safe sorri situat,0
25/01/2025,gaza school destroy youth alreadi depriv year educ due covid war face drop futur earn attack educ attack entir gener futur,0
06/04/2025,theyv made gaza death trap physic mental,0
06/04/2025,world creat part phenomenon western govern activ assist genocide gaza,0
13/03/2025,past day holi month ramadan israel refu allow entri humanitarian aid gaza time zionist attempt ethnic clean west bank intensifi month everi month continu show,0
06/04/2025,news gaza utterli horrif west bank lebanon militari countri lead inevit inva world conflict support want vote uk us,0
05/04/2025,war go gaza,0
06/04/2025,stop bomb gaza stop target journalist,0
06/04/2025,israel level gaza kill drone journalist show world drone begin captur scale destruct gaza strip journalist target,0
06/04/2025,guardian provid full account diabol war crime israel militari chang account gaza param kill video attack,0
18/03/2025,genocide never end never silenc continu stand brother sister gaza face continu onslaught alleyesongaza gazaunderattack,0
06/04/2025,dupe manipul muslim brotherhood captur video everyon cop spend time idf gaza learn terrorrist roll frig ridiculu,0
01/01/2025,healthcar worker student moral imper use avail resourc channel ensur safeti protect healthcar worker gaza particularli dr abu safiya whose life work immedi danger,0
06/04/2025,church gaza ton cross palestinian christian problem wtf talk,0
06/04/2025,even idf claim lie,0
04/11/2023,u simpl pray dont stop talk genocide braw,0
06/04/2025,dear world rwanda genocide genocide tutsi word matter truth matter plea get right help us protect memori digniti victim kwibuka saytherightnam,0
06/04/2025,malaysia along uyghur brother boycott shein temu chine product product support genocide slaveri uyghur muslim boycott american product zionist jeew good dont forget boycott chine product,0
24/11/2024,genocide pelosi blood hand us sf state student say aipacfund award ceremoni nanci pelosi novemb st part intern call action usfca sjp sfsu gup held picket line hyatt regenc protest usfca,0
06/04/2025,genocide industri israel,0
06/04/2025,hat courag engin ibtihalaboussad billgat support genocide shame,0
06/04/2025,anticathol hold state canada account genocide indigen peopl antisemit hold state israel genocide palestinian state around world must follow intern human right law doesnt,0
06/04/2025,sign petit microsoft end complic apartheid genocide sign,0
06/04/2025,genocide gaza israel gazaholocaust idf stockmarketcrash bbtvi israelterroristst human burn front world one burn jew,0
06/04/2025,spineless selfish greedi maggot afraid stand auschwitz camp gaza daili slaughter civilian also accompl genocide may dream enjoy futur riviera plan orang clown grave palestinian shame,0
06/04/2025,x delet progaza account muslim brutal kill eye innoc kid dream,0
06/04/2025,download ensur purcha item complicit israel genocide choic must keep ramp effort boycott israel boycott relat israel,0
07/11/2024,jail support need protestor arrest palestinian student commun member disrupt genocide denier notori sellout yossef haddad event chicago zionist cpd get aggress mobil jail support,0
04/04/2025,sick individu focu victim genocide ignor commit sick individu,0
06/04/2025,end genocide,0
21/11/2024,tomorrow student lectur professor univ staff member across globe refu attend class go work bring institut grind halt struggl israel genocide palestinian peopl state,0
06/04/2025,yo genocide bad,0
06/04/2025,genocide clear day,0
06/04/2025,israel terrorist entiti commit genocide apartheid support usa uk europ coward arab leader zionist barbar cant among civil nation world,0
03/04/2025,western univ student entir arab world combin end genocide except yemen cour,0
06/04/2025,yousef exhaust genocide food water rare costli help surviv famili plea donat share,0
08/10/2024,pro genocid dont argument justifi support genocide instead human,0
04/04/2025,muslim india dont support genocide though gener speak,0
06/04/2025,near futur shouldnt surpri anyon state take action peopl like sow discord promot genocide peopl massiv onlin follow nation secur threat,0
13/03/2025,watch student across turtl island mobil respon mahmoud illeg detent remind mahmoud detain organ genocide peopl liber homeland,0
06/04/2025,stop genocide stop kill innoc peopl palistin oic wake wake attack respon muslim good muslim,0
03/04/2025,noi distract genocide commit,0
04/04/2025,true dont think merci take action stop genocide oppo could done someth,0
28/10/2023,war crime human genocide voic palestine pray free palestine freepalestin ceasefirenow,0
06/04/2025,crimin attack,0
06/04/2025,vehement oppo genocide appar antisemit extremist sound crazi crazi israelterroristst,0
06/04/2025,even work israel useless stop genocide complicit murder tortur palestinian shame shame shame follow would follow evil murder,0
06/04/2025,look devast russianbarbarian done ukrain long leader world allow genocide continu putinisawarcrimin magaaremoron,0
06/04/2025,true protest sea free palestine flag keffiyeh speaker mention genocide,0
04/04/2025,zionist organ cancel someon noth new wari pay membership group cover genocide,0
06/04/2025,crazi happi also commit genocide mile away,0
06/04/2025,israel inclu terrorist group unconv state nonstat actor like list genocide debat gaza polar like amnesti see evid,0
06/04/2025,oh jfc russel rebrand embarrass reason extraordinari absolut joseph goebbel machiavellilevel propaganda us activ jail disappear deport peopl speak usrael genocide,0
06/04/2025,noth like noth provok zionist think ate say free palestine form hamas,0
06/04/2025,moral stori israel reduc number children gaza aim prevent join resist futur bomb everi day havent seen hamas fighter kill battl open eye world plan,0
05/04/2025,israel special kill palestinian hamas age exact,0
06/04/2025,point well taken believ agr point instead target hamas israel went indiscrimin flatten everyth went terribl wrong got hate world,0
06/04/2025,palestinian ruthlessli crucifi hamas palestinian hamas million innoc palestinian even interest stupid polit war israel hamas wh,0
06/04/2025,bet idf kill hamas left gaza idf civilian mostli kid kill israel explo remov team cau dont trump gave guy task,0
07/05/2024,despit report hamas accept ceasefir deal zionist entiti press forward bloodsoak plot make mistak eye final solut palestine question zionist entiti aim wipe gaza face earth,0
06/04/2025,break hamas fire rockit isralei gaza fire rocket toward israel one intent kill mani israel civilian possibl day gaza still rocket read,0
06/04/2025,bought islamist extremist hamas support radic islam jihadist canada highli suspici feder govern permit throng destroy jewish busi properti shill,0
30/07/2024,littl girl beauti face disfigur skin disea ravag children due pollut lack medicin israel occup prevent enter gaza,0
30/05/2024,eye rafah mean rafah crisi day suffer palestinian forc flee home makeshift tent rafah promi safe zone israel even face brutal attack,0
29/11/2023,recent launch app help peopl identifi product israel allow make inform choic avoid support genocide,0
06/04/2025,destroy israel,0
06/04/2025,babi killer gazaholocaust,0
06/04/2025,destroy israel,0
01/11/2023,israel regard whatsoev live nativ palestinian popul whose land land occupi jabalia gaza,0
15/11/2023,hebrew say philisteenah palestine,0
01/08/2024,israelpalestin sovereignti two state solut,0
11/01/2024,palest gaza entitl exist situat right existwhat happ gaza entail destruct act occup pwr subject palest ppl violat self determin cent israel year regard law,0
09/01/2024,israel destroy jerusalem gaza free promi allah dont doubt keep feet heart intact,0
02/01/2025,accord zraei offici rest pestinian htler want jew guess make,0
04/09/2024,messag sr clear get p countri,0
06/04/2025,river sea israel free exist,0
06/04/2025,ummah need deal zionist quickli palestine whatev power tool avail ignor coward traitor leader,0
14/10/2024,n sr burn p aliv n germani put jew ga chamber sr bother call naz shouldnt act like n even wor,0
06/04/2025,destroy israel x america,0
06/04/2025,arc justic bend toward peopl palestine,0
09/12/2024,israel ngeb bomb syria stop silent stop ignor keep boycott,0
06/04/2025,expel israel ambassador boycott israel arm embargo israel call upon act justic delay justic deni,0
01/05/2024,hey zionist palestine israel imaginari state,0
06/04/2025,scale terror israel inflict beyond anyth el human histori,0
03/12/2023,israel defen forc worst got point dude,0
21/06/2024,republ armenia offici recgniz palestine independ state,0
26/06/2024,ongo bombard palestine intensifi daili bring even destruct suffer citibank partnership israel play direct role support genocide gaza,0
06/04/2025,doesnt matter israel kill peacekeep,0
30/03/2025,israel interest piec peac piec palestine piec lebanon piec syria piec egypt piec jordan piec iraq piec saudi arabia,0
24/09/2024,student light israel recent attack peopl lebanon join organ cont emerg mobil local near one year genocide gaza remind unit state continu allow israel violat everi norm,0
06/04/2025,peter dutton worst thing happen australia racist bigot candid shame australia,0
06/04/2025,line condemn slaughter beauti children still ok uncondit support israel voter would like know take final place sanction,0
06/04/2025,israel devil devil exist jfc,0
18/01/2025,mass murder pure simpl israel abomin pariah state time zionist project proppedup us uk eu never legitim ever unapologet purveyor genocide israel polit entiti never welcom,0
06/04/2025,buri aliv feet bound israel right commit war crime still offer israel uncondit support gazagenocid warcrim thehagu,0
13/01/2025,sick sadist state israel alreadi beyond pale,0
13/12/2024,repost ig divest perman follow encamp protest sf state complicti israel genocide palestinian peopl sf state divest lockh martin caterpillar leonardo palantir today win becom,0
06/04/2025,israel repeatedli attack palestinian children yet spew israel propaganda demon un relief victim israel decadeslong apartheid genocide lack moral compass lead nation priorit israel canada,0
06/04/2025,israel withhold humanitarian aid realiti,0
13/11/2023,netanyahu continu strategi led israel abyss push pa corner order shoot option twostat solut collabor settler parti set region fire haaretz editori,0
06/04/2025,list israel lie numer yet peopl would still back israel even intent murder children,0
06/04/2025,keep open big mouth minut time short mock god cur israel cur,0
06/04/2025,doesnt find behead babi livestream everyday horrifi find flag horrifi tell everyth need know,0
06/04/2025,think cultur boycott israel russia right move,0
06/04/2025,america lark innoc american murder weird serial killer theyll deploy resourc track person stop time partner crime israel murder innoc peopl day day joke countri,0
02/11/2023,everyon know come back disgust israel,0
06/04/2025,kind scum sadist abu littl girl like answer isisdaish scum sadist zionist socal free syria,0
11/10/2023,palestinian peopl hamas israel done palestine forgiv even god profess extermin poor nation loot st centuri without abil defend unimagin crime pajasineunderattack,0
10/04/2024,honest youll admit everi singl palestinian christian otherwi live state israel true autonomi one west bank gaza israel extermin,0
13/10/2023,local local pashtun waziristan pakistan promi travel palestine join jihad fight israel forc say readi sacrif everyth need support help anyon allah addit,0
06/04/2025,palestinian foreign ministri condemn death omar rabea call extrajudici kill amid ongo violenc west bank,0
24/08/2024,thousand palestinian support concept islam isi like cut head non islam peopl refu chang islam enforc law shariah think look dead see woke palestinian wave isi flag,0
06/04/2025,israel intent target bomb journalist tent khanyouni,0
13/05/2024,encamp tu eindhoven student occupi part tue campu demand univ cut tie israel join student bring tent sleep materi food water follow eindhovenencamp instagram updat,0
06/04/2025,imagin govern like post onlin bomb hou israel journalist day straight kill journalist far,0
03/08/2024,israel anyth democrat settler coloni apartheid state everyon claim otherwi go back school israel problem middl east era red dot,0
01/05/2024,palestine israel conflict concern per thousand human may demo fulli fix complet realiti reason replac nation hatr jew state freed world societi without nation anti semit racism b,0
06/04/2025,funni use hate candac return realiti way human show face israel slaughter babi children mother daili becom watchabl life strang like,0
08/10/2023,israel anoth random state middl east rogu state intern hub crimin master subver sabotag manipul western polit end would noth bless west,0
03/11/2023,palstinsi hand luxuri escap edg full soldier readi kill airport destroy guess isralian,0
26/06/2024,reviv boycott movement earli year al nakba arab leagu boycott pressur us limit arm suppli israel time reinvigor comprehen global boycott hold financ institut account,0
22/06/2024,june mark commenc th session human right council un expert monitor israel brutal occup genocide gaza look human right violat us colleg student protest genocide,0
14/12/2023,letter tabl israel want solut two state want one river sea land palestine without popul,0
13/05/2024,jonathan free free palestine sumayyah palestinian kill israel say free free palestine,0
12/05/2024,demand duke student flyer call duke disclo financ invest israel divest compani profit occup palestine boycott academ partnership israel univ speak favor immedi ceasefir,0
07/10/2023,read talk live region palestinian attack israel cowardli manner shot elderli bu point enter home shot famili hijack elderli vilifi corp adverti barbari,0
15/10/2023,war crimin israel armi order million palestinian leav home kill mani tri follow imposs order,0
06/04/2025,noth scare israel camera truth sinc ceasefir ramp target journalist today target tent journalist gather near nasser hospit,0
08/08/2024,israel tortur kill palestinian prison israel kill palestinian children israel bombarda hospit school univ humanitarian offic israel want extinct palestinian israel terrorist state support accompl sionismonovonazismismo,0
04/01/2024,israel practic genocide palestine sinc octob daesh reviv area attack iran one expect less mosad,0
08/11/2024,silent mute two state solut palestine palestine joke genocid messian regim must exist israel peopl must learn equal respect human life,0
20/11/2023,palestine support world behind shall never crumbl,0
15/11/2023,respon israel determin end palestinian occupi territori final fulfil zionist dream river sea better tell well,0
28/05/2024,eye rafah,0
06/04/2025,rafah exist year wipe map settlercoloni exist year,0
01/06/2024,revolt rafah join palestinian student support wider commun columbia new gaza solidar encamp outrag columbia complic kill peopl gaza recent massacr rafah equal outrag,0
26/05/2024,eye rafah,0
28/05/2024,rafah,0
06/04/2025,forgiv mum swear accept path help peopl lord accept repent final word palestinian param refaat radwan execut israel forc rafah along colleagu gaza,0
06/04/2025,rafah still exist,0
06/04/2025,fine line separ noth rafah fade annihil israel justifi genocide defen abstract polit bear wit must begin live palestinian live live preciou,0
06/04/2025,queue food aid truck abandon egyptian side rafah israel impo total blockad gaza month,0
06/04/2025,rafah citi governor exist anymor rafah complet era destroy israel destroy home level build hou unit wipe water well disabl water,0
07/05/2024,rafahth peopl gaza alreadi displac forc rafah back corner never critic time throw pure right war machin rafah escal student intifada,0
30/05/2024,guy look mom cant use eye rafah discreenshot btw dont stop talk palestn,0
30/05/2024,guy mend kalian semua banjirin instagram nya pake eye rafah eye rafah eye rafah eye rafah eye rafah eye rafah eye rafah eye rafah eye rafah eye rafah eye rafah,0
06/04/2025,protest program jatiyatabadi chhatra dal israel brutal genocide gaza rafah express solidar martyr injur palestine support global campaign world stop gaza april april,0
04/05/2024,gaza compass struggl rafah north star student movement campu peopl palestine stop full divest stop palestine free,0
10/03/2024,eye rafah last month israel threaten ground inva rafah ramadan week netanyahu renew vow invad rafah ramadan quickli approach ground inva rafah loom must escal pressur,0
09/05/2024,fearless rafah,0
06/04/2025,like mistak burn peopl aliv rafah mistak slaughter intern aid worker world central kitchen mistak gun starv civilian sprint toward food aid truck mistak execut,0
05/03/2025,insult point dont know israel control import rafah,0
02/04/2025,israel control import pass rafah border part deal even bother spend min read rafah wiki know el dont know,0
14/02/2025,googl rafah border cross youd know israel control goe,0
19/03/2025,clearli never rafah border israel control,0
06/04/2025,urgent appeal intern commun unit nation agenc humanitarian organ assum legal moral respon also demand immedi action pressur occupi armi withdraw rafah governor enabl,0
06/04/2025,month ago keir starmer said rafah offen take place israel destroy rafah starmer govern take action israel regim continu support arm assist,0
06/04/2025,citi call rafah war genocide gazagenocid,0
11/03/2025,wall googl blockad gaza educ crazi think egypt control rafah cross israel one approv import export rafah know,0
05/03/2025,even knew basic situat youd know rafah cross control israel egypt part deal,0
24/03/2025,strang dont know rafah control israel part deal liter wikipedia page first paragraph el know,0
06/04/2025,grandmoth born rafah sister work alshifa hospit health go downhil sinc ground inva gaza cant quit imagin feel alshifa littl char build mass grave gaza,0
06/05/2024,nyc urgent call mobil citywid day rage defen rafah take street resist inva monday may th hunter colleg th st,0
19/03/2025,lie israel control goe rafah cross right return,0
23/10/2024,think egypt control rafah cross googl youll see israel control part deal besid egypt take refug let live outsid,0
30/05/2024,eye rafah eye rafah eye rafah eye rafah eye rafah eye rafah rafahunderattack gazagenocid alleyesonraffah,0
08/05/2024,need risk everyth rafah,0
30/05/2024,eye rafah eye rafah eye rafah eye rafah eye rafah eye rafah eye rafah eye rafah eye rafah eye rafah eye rafah eye rafah rafahunderattack cont,0
06/04/2025,israel around longer rafah rafah histori goe back year around bce modern israel found make year old hostag taken hamas octob,0
06/04/2025,hey post issu rafah year old true wipe map damag recent conflict yet still stand peopl live call israel settlercoloni,0
06/04/2025,deir albalah one least destroy citi gaza home massiv percentag displac popul fear intent rai like rafah vote continu vote arm embargo last week,0
02/04/2025,ye israel control rafah cross googl idiot,0
06/04/2025,take buri child beneath rubbl still call justic name alia die rafah crush home hold babi brother sinc octob palestinian confirm kill includ,0
06/04/2025,israel wipe citi rafah map yr old first record mention bce rafah popul recent februari million palestinian shelter world noth,0
06/04/2025,anyon face justic rafah ambul convoy attack,0
06/04/2025,red line around rafah go histori one tge great decept crime centuri know lost stand,0
06/04/2025,rafah fallen northern gaza lie ruin world grown numb cri vibrant shatter yet silenc world deafen,0
06/04/2025,journalist substanti chang israel claim rafah part buffer zone plea compar buffer zone white displac order march,0
06/04/2025,rafah wipe map israel ethnic clean campaign,0
02/04/2025,anyth pass rafah border approv israel sinc,0
06/04/2025,wipe rafah seek mirror deir albalah,0
06/04/2025,israel chang stori rafah medic kill say probe,0
06/04/2025,deir albalah look like rafah say absurdli hate hamas blame plea spare israel go throughout gaza whether palestinian fight back last month year made abundantli clear,0
11/05/2024,popular univ gaza dispatch imag rafah across occupi palestine flood screen fresh horror mangl babi bodi crush concret vapor usmad bomb,0
08/05/2024,tonight student commun member across turtl island hold line defend encamp riot polic encamp need strong number commun support pmam raid like take place rafah,0
06/04/2025,contact immedi help provid tent famili rafah,0
06/04/2025,happen medic rafah isol incid part systemat target prc staff volunt gaza strip,0
06/04/2025,rafah genocide joe red line declar wipe map israel none trump palestine would possibl without joe kamala unwav support complic differ color monster,0
01/04/2025,rafah border close red cross confirm even get cancer patient lie see,0
06/04/2025,truli destroy egypt wow israel tri negoti good faith open rafah let gazan want leav egypt respond put concret barrier,0
06/04/2025,director medic suppli civil defen gaza ambul rafah central region find water fill firefight vehicl,0
06/04/2025,wrong reason egyptian armi close gate rafah cross egyptian side tall concret wall time,0
06/04/2025,hear hind see theyr israel tri era southern gaza strip like tri era north also isol gaza egypt rafah cross read,0
08/05/2024,importantli student understand get suspend escal rafah honor b noth comparison experi student gaza iof destroy everi singl univ,0
06/04/2025,bomb rafah new terrifi missil khan yuni terrifi sound scari thought come mind next plea ask world stop genocide human,0
06/04/2025,let bangladesh stand still tomorrow gs sorrow gs call,0
14/01/2025,journalist journalist first capit g let intimid sionist threat intimid report eye gaza,0
09/04/2024,today mainichi shimbun articl citizen show around countri opposit ethnic clean gaza report contact notat turn battl convert inva gaza person posit chang one step time let stop,0
06/04/2025,gaza globalstrikeforgaza noon era g matter israel rememb gaza aliv gaza aliv gaza free palestine free inshaallah inshaallah inshaallah,0
06/04/2025,gaza great,0
29/10/2023,journalist gaza call prayer resist fight invad,0
06/04/2025,plea keep support effort get brother sister g water need incr great plea keep share donat need us,0
06/04/2025,wtf israel lvel gaza,0
06/04/2025,gaza rafah empti one aliv,0
06/04/2025,pakistan nuclear power yet couldnt provid palestine egypt nile river gaza die thirst saudi arabia uae ocean oil gaza hospit ambul fuel muslim soilder missil fighter jet yet none could reach gaza,0
06/04/2025,last updat need food ganja oxygen need media personnel around world ban enter gja aljajera cnn nbc give ultimatum journalist leav gaza idf israel defenc forc,0
06/04/2025,foot stink,0
06/04/2025,hey support whatev happen g za,0
28/08/2024,find opportun imposs doctor gaza tri save child life telephon light,0
06/03/2024,genocide gaza day thousand children thousand women crime tri job journalist detach life forget thousand innoc peopl kill day gzt video editor prepar,0
14/12/2023,activist gather organ support palestine australia protest zara made fun civilian massacr israel gaza,0
06/04/2025,rememb muslim million soldier heavi artlleri mssile fghter jet none could reach gaza provid aid palestineunderattack,0
29/08/2024,everi street beauti memori pass everi street return pile debri everi street,0
18/11/2023,persecut palestine decrea tri make us feel like gzt editor chief tell zionistcensorship,0
10/12/2023,zara made fun palestinian visual share innoc brand day,0
18/11/2023,affect us wit happen gaza zionist censorship,0
28/08/2024,find opportun imposs doctor gaza tri save child life telephon light,0
18/08/2024,children gaza nightmar death fear hunger month,0
23/03/2024,humanitarian aid deliv third time north gaza,0
04/05/2024,second one month complet reinforc hg zz fulli armor addit weapon old fa zz kit,0
14/11/2023,hundr civilian took refug gaza entertain children school held footbal match,0
11/03/2025,stogragta complain nazupi sing zuzu gag gacha refut zuzu shock polic interest mayor elect zuzuflow breed nazunahor manhawk tigerstogra gbc stogra clip,0
06/04/2025,war genocide war tri inflict militari defeat enemi armi genocide tri extermin civilian popul,0
05/04/2025,call surround hospit,0
01/04/2025,good partner crime genocide ethnic clean belgian mep reprimand eu high repr foreign affair,0
02/04/2025,one gencid statement anoth rael look write newspap say public affair radio,0
05/04/2025,call surround hospit bomb line doctor physician nur,0
05/04/2025,tonight jerusalem protestor genocide chant refu war crimin dont bmb children call soldier refu servic israel militari,0
06/04/2025,war genocide war tri inflict militari defeat enemi armi genocide tri extermin civilian popul gazaholocaust,0
04/04/2025,obviou girl genocide still,0
01/04/2025,extermin healer eclip histori darkest genocid human confront moral bankruptci gaza decim healthcar worker genocide arithmet week iof execut blindfold zipti healthcar worker gaza,0
04/04/2025,could make u whole list reason import genocide wrong,0
29/03/2025,real villain empuraan baba bajrangi abhimanyu singh appear inspir babubhai patel aka babu bajrangi bajrang dal leader convict role naroda patiya mssacr gujarat genocide muslim kill gujaratriot mohanl,0
29/03/2025,idgaf jewish israel descent dont proisrael govern may complet educ genocide ive seen mani children peopl gener get brutal kill sad pro palestine free palestine zionist dni,0
04/04/2025,british citizen manchest gaza indiscrimin fire civilian home comit genocide terrorist allow commit genocide freeli return home uk us europ without citizenship revok,0
28/03/2025,traumat social anxieti speak palestinian sn random men show throw brick war genocide theyr liter crazi,0
28/03/2025,back trump regim genocide full camp come,0
04/04/2025,haunt witch ban genocide apologia l bozo april th,0
04/04/2025,hasan piker champion human right indigen peopl unless uyghur,0
23/03/2025,israel shouldnt even exist talk actual statecountri part znizm genocide end occup,0
26/03/2025,wtfdym forc liter gave money terrrist state commit genocide ethnic clean,0
20/03/2025,tri best surviv genocide face smile even though hungri asham say tri best afford someth famili get wor plea donat,0
26/03/2025,fund genocide peopl tent,0
02/04/2025,one gencid statement anoth rael look write newspap say public affair radio,0
06/04/2025,gaza call worldwid strike next monday april duti follow school univ work genocide stop,0
05/04/2025,israel commit genocide evid wtf,0
27/03/2025,somewhat iron realiti situat occupi p least like support brother sister one power influenc abil end genocide mani individu particularli ulam avoid discuss,0
01/04/2025,genocide gaza polit safe far late mainstream media outlet final report basic truth sadli shame follow longestablish pattern,0
06/04/2025,need shame zionist genocide support,0
06/04/2025,msm complicit genocide politician provid arm brutal regim,0
05/04/2025,aint brine child word genocide normal pd,0
04/04/2025,truli understand world allow continu much longer must palestinian endur suffer pain world someth wit genocide real time yet unabl anyth stop,0
02/04/2025,need correct quot least hide fact theyr commit genocide,0
04/04/2025,antiisrael agit mass outsid ritchi torr offic demand resign collabor gaza genocide one protest outsid torr offic denounc lawmak zionist scum,0
06/04/2025,protest genocide easi buy product financ murder support boycat app,0
05/04/2025,amaz courag israel popul fine genocide g z,0
20/03/2025,tri best surviv genocide face smile even though hungri asham say tri best afford someth famili get wor plea donat,0
06/04/2025,jihad israel fardh everi muslim,0
06/04/2025,israel crimin entiti,0
06/04/2025,destroy israel,0
06/04/2025,continu boycot israel,0
06/04/2025,destroy israel israel,0
06/04/2025,noth hide totalitarian approach know israel crimin gangster state,0
12/02/2025,israel jewish terrorist state israel jewish terrorist state israel jewish terrorist state israel jewish terrorist state israel jewish terrorist state israel jewish terrorist state,0
06/04/2025,realiti uncov noth casual think badli youd damn right today tomorrow,0
06/04/2025,gaza peopl still attack countri march peopl kill attack jh one help israel kill innoc children women shame,0
06/04/2025,israel terrrist organi,0
06/04/2025,agr zionism creat first place ie destroy ottoman invad,0
06/04/2025,israel terrorist state murder scumbag kill innoc children sick head hope go hell,0
06/04/2025,non everyon except israel,0
16/07/2024,isarel countri full hidden superhero one know one find peopl normal appear see countri danger,0
06/04/2025,never ever israel alway enemi genocidalist friend,0
06/04/2025,plea nation come togeth wipe israel,0
06/04/2025,stop arm israel,0
06/04/2025,iron zionest nuclear power israel singl weapon end fake parasit entiti forev,0
21/09/2024,question israel right exist allow say one thing,0
06/04/2025,get men pregnant,0
06/04/2025,hindutva harrami find joy genocide palestinian israel palestn gaza genocide gaza,0
06/04/2025,joker say muslim armi wage jihad israel fatwa top ulama council let see mani islam armi announc jihad filth zinist state,0
06/04/2025,israel use word like yalla ya rab astounish,0
06/04/2025,american soldier die israel,0
03/01/2025,ladi gentlemen present zraeli,0
09/02/2025,everi last hostag home,0
06/04/2025,jhad israel fardh upon everi muslim man,0
06/04/2025,feel sorri young men go die countri trump send israel glori massacr,0
15/02/2025,israel terrorist state israel terrorist state israel terrorist state israel terrorist state israel terrorist state,0
06/04/2025,usa kill kid women yemen israel kill kid women gaza coward two war crimin alli favorit target vulner civilian,0
06/04/2025,goal collat damag goal kill maim displac traumat palestinian children target children women kill futur israel alli want,0
22/02/2025,imag joy nasral newbar,0
06/04/2025,iran never kill singl israel assad never fire bullet israel put asid whether statement actual true reveal antimaterialist mental focu subject act resist rather object condit sustain,0
20/03/2025,one futur brave leader israel psychopath psychopath enemi enemi face israel,0
03/02/2024,protest includ abduct famili block highway,0
11/02/2025,israel zionist terrorist state israel zionist terrorist state israel zionist terrorist state israel zionist terrorist state israel zionist terrorist state pass,0
06/04/2025,peopl gaza go suffer beyond imagin highest level oppress israel gaza maklovukh gaza,0
13/04/2024,peopl world began use express israel instead israel english,0
06/04/2025,would care crowd israel trump theyll hand icecold beverag handsoff handsoff,0
11/01/2024,coalit ruin countri gantz,0
07/12/2024,noth say number comment,0
29/08/2024,rare yearold stone seal first templ period discov jerusalem ancient hebrew script seal read leyehoez ben hoshayahu translat belong yehoez son hoshayahu,0
23/01/2025,name god rainbow good day jerusalem israel etern capit,0
06/04/2025,plane mass propaganda plane bomb israel,0
06/04/2025,tweet said israel jewish homeland palestinian muslim pakistan would send arm israel,0
06/04/2025,boopsi israel support also make food soldier lmao,0
06/04/2025,bullshit artist work israel tri bend fact usual fucck,0
06/04/2025,asleep complicit israel crime want man leav hungari without travel sovereign territori airspac mani european countri countri oblig secur arrest,0
06/01/2024,today go first time sinc protest govern possibl time war govern fight top armi self destruct mechan must stop,0
10/10/2024,peopl like never peac soon see flag israel becom savag howev grandmoth kind enough welcom girlfriend offer roof hatr seem era gestur,0
12/03/2024,know like israel resili love life midst death enemi promi human live see cornic tel aviv life scene far eye see israel ye,0
08/12/2024,gener gener rise extermin us promi era us face earth gener gener surviv get bloom alway alway peopl israel live,0
15/07/2024,doesnt matter mani layer dug alway israel never palestine israel real israel real,0
06/04/2025,reflect back monster israel regim massacr,0
14/04/2024,israel translat small state creat forc extermin nativ popul decad apartheid zionist govern commit genocide gaza support us western passiv financ,0
06/04/2025,river sea p free freepalestin palestine,0
03/04/2025,never stop talk palestine,0
12/03/2025,post offic stamp book old document p,0
14/03/2025,auto blend photoshop free palestine follow photoshop gvsser tutori photoshoptutori photoshopedit new remov graphicdesign photoshoptutori,0
18/03/2025,greater israel greater kurdistan greater blochistan greater palestine,0
30/07/2024,whip smile mistin x pondphuwin mistinexpondphuwin,0
19/03/2025,bristol ralli p today wednesday th march broadmead,0
28/03/2025,may allah swt help brother sister sudan kongo uyghur rohingya p kashmir ameen,0
05/04/2025,p proud attempt,0
26/03/2025,notic nowaday isal p speak word x see xtrend,0
08/03/2024,parad drove eye everi time heart,0
11/05/2024,pp know much like bigin dont know binkin dont know someon wait take care everyth phi dont know phi call go bigin realli kin phi,0
14/08/2024,nong phi went still cant spoil tell everyon guess hairstyl set sheep like recommend real right,0
30/06/2024,face nong p realli look eye eyebrow look sharp nose beauti water droplet look sweet face bright smile look comfort anoth thai femal protagonist wassana toei build,0
21/03/2025,normal respon inhuman ongo palestine peacemak accu terror authoritarian state act impun liber day cancel unless tri iron jersey via,0
16/05/2024,ask non plli friend listen plave song like,0
18/03/2025,cri hour watch video video paestinian kill wound traumat babi children ya allah free peopl palestine west back ira free oppress everywh none power ya allah,0
02/04/2025,jewish student chain gate listen word free mahmoud free polit prison free p,0
29/03/2025,dumb liber think maga say destroy dem support gnocid p chappel roan get behind,0
12/03/2025,hi rose noon thank repost n,0
27/03/2025,alix probabl win lawsuit right free speech doubt audienc give destroy palestine,0
12/03/2025,help feel like incompet peopl protest palestine got us,0
24/08/2024,mean scene elder kao catch cant catch nong p fell first hahahahahahahahahahahahahahahahahahahahahahahaha,0
05/04/2025,first post x free p,0
29/03/2025,one reason bc doesnt affect restrain men meantim women fight era transw men women vilifi women still huge misogyni western societi,0
01/04/2025,anyon chrstian see think juic side call mari wore said jesu rvtting hll say thing adlf hitler said got world theyll say theyr chsen one palestine,0
04/04/2025,may get jump gaf digit slander fan herd yall cant fr assumimg bngtan idolsceleb still dont know situat palestine zonism bycott live desert island depriv internet sn,0
08/01/2024,oh tin nong pooh look thicker tan handsom destinyclinicpoohpavel pavelphoom ppoohtk,0
30/05/2024,spray perfum p pew hey hey mummi perfum perfum must spray right amount possibl spray pep ate perfum mistini misth poohpavel smake charm pooh pale,0
20/07/2024,poncheewanxspac elder kao told gu lot way lost pp play much hahahahahahahahahahahahahahahahahahahahahahahahahahahahahahahahahahahahahahahahahahahahahahahahahahahahahahahahahahahahahahahahahahahahahahahahahahahaha,0
27/03/2025,palestine iraq syria kashmir afghanistan pakhtunkhwaetc ident take prece loyalti peopl cau collabor traitor deserv ft period,0
04/04/2025,bibi shark est rvp,0
30/11/2024,wv plli nail pllive combin plli,0
24/03/2025,child p rima dream escap nightmar trap help prove care wont look away want safe,0
29/04/2024,youv watch behind hello asterum yeah herer peunlin princess line plave,0
30/05/2024,watch po pho hey excel pooh pale ahhhhhhhhhhhhhhhhhhhhhhhhhhhhhhhhhhhhhhhhhhhhhhhhhhhhhhhhhhhhhhhhhhhhhhhhhhhhhhhhhhhhhhhhhhhhhhhhhhhhhhhhhhhhhhhhhhahahahahahahahahahahahahahaha,0
28/04/2024,becom knight princess slon successor lord glasso land belief blue wolf citi flourish discoveri copper ore also rel chi hahahahaha,0
21/03/2025,like deni p hlcust deni oct th attack,0
04/04/2025,show two week,0
25/03/2025,handsom shelf perth plea handsom perth plea handsom perth plea handsom perth plea handsom perth,0
06/05/2024,rafah,0
06/04/2025,israel want nobodi call democrat western world gut stand speak truth state israel mass murder palestinian never vote disgust british polit class,0
05/04/2025,cant stand starmer hell side israel everi day week kid slaughter yet pretend muslim ill accept dont want anyon isnt ancestr brirish im heartbroken leader promot oversea,0
25/03/2025,unequivoc stand palestine usisr genocide,0
02/10/2024,stand israel american us,0
28/03/2025,stand israel continu murder innoc palestinian exactli peac talk,0
22/12/2023,remind israel right defend occupi power intern law thing israel end occup palestinian howev legal right defend resist occup return home,0
17/09/2024,israel right defend gaza palestinian,0
26/01/2024,un law israel doesnt right defend occupi popul right give fal right us,0
06/04/2025,good israel one right enter sovereign countri,0
17/09/2024,accord internationalhumanitarianlaw israel right selfdefen occupi power right defend occupi occupi peopl right resist includ arm strugg,0
24/09/2024,occupi israel right defend peopl occupi enshrin intern law mean gaza occupi west bank occupi golan height syria shaaba farm lebanon right,0
13/07/2024,israel cross new line israel alreadi cross line yr ago israel right nazi germani right given israel treat concess would give nazi germani,0
20/11/2023,intern law israel right defend occupi territori palestine case palestinian right defend explain francesca alban un special rapporteur palestine,0
16/12/2024,israel illeg occupi power west bank legal right arm resist illeg occupi power confirm judg charlesworth recent icj case right collect punish civilian popul regardless,0
06/04/2025,trump realli test us popular support israel rn major em support israel right defend trump current corrupt israel gover push ithamasoctob obj evil stop,0
06/04/2025,palestinian everi right octob israel un charter occupi power sinc never never fulfil respon occupi power never intend fulfil fact dispossess,0
06/04/2025,collect punish polici pursu israel gaza end us gaza right live peac world give us right live peac human terrorist,0
08/11/2023,intern law israel right self defenc within territori illeg occupi occupi peopl right arm struggl israel state recogni un within recogni boundari right self defenc,0
06/04/2025,well lie entri form spew much antiisrael propaganda sure thing might differ everi countri right bar certain peopl deem threat,0
06/04/2025,israel right exist everi commun organi self proclaim leftist communist socialist afraid honest part overton window shift far right america,0
18/10/2024,memo uk journalist israel right even gaza,0
06/04/2025,fact use privileg lie israel author claim govern busi israel everi right refu entri,0
06/04/2025,think someon say israel terrorist refug group doesnt right defend simpl even human,0
06/04/2025,israel right decid let secur border dont nick brown,0
10/09/2024,israel right defend gaza palestinian latest,0
12/02/2025,intern law hamas right defend occupi power israel occupi power right,0
06/04/2025,mistak israel intent horror genocide israel right exist occupi palestine,0
20/11/2023,israel right defend reason israel keep say opposit know theyr disproport illeg occup,0
07/04/2024,israel legal right selfdefen land occupi owner land legitim right resist right selfdetermin listen un expert,0
11/12/2023,israel right defend peopl occupi put brutal sieg past year right israel intern law end occup stop sieg,0
04/12/2023,nope israel right accord intern humanitarian law occupi power right selfdefen area occupi occupi peopl right selfdefen,0
10/09/2024,israel right defend gaza palestinian say basic moral intern humanitarian law,0
15/11/2023,accord intern law israel right self defenc occupi power israel right defend,0
30/12/2023,clear israel occupi forc law right self defenc genocide within territori occupi gaza occupi,0
16/09/2024,israel right defend gaza palestinian,0
10/09/2024,israel right defend gaza palestinian palestine israel,0
29/09/2024,millionth time israel right defend illeg occupi palestine illeg attack lebanon stop debat canard palestine lebanon right defend intern law alway stop,0
19/11/2024,wrong israel right whatsoev occupi never claim defen occupi sinc state occup act aggress palestinian hand full right,0
06/04/2025,see past atroc israel commit still believ right land indigen peopl love land indigen peopl treat land love israel destroy blind hate,0
22/01/2024,intern law israel right defend occupi peopl occupi peopl right resist mean would know work torward phd cover intern law teach lectur write area,0
03/11/2024,israel occup alreadi place right initi militari forc respon palestinian right israel one,0
22/11/2023,intern law israel occupi gaza israel legal right fight back legitim act resist occupi territori peopl right remov f,0
10/02/2024,seriou respon per intern law palestinian right defend occup israel right occupi sieg palestine plu know happen palestinian surrend yall said,0
20/10/2023,israel right defend illegitim state stole land ethnic clean right anyth,0
12/09/2024,israel right defend gaza palestinian written,0
27/02/2025,actual exact opposit palestine legitim right sovereignti histor palestine accept call histor compromi accept israel sovereignti pre border basi settl issu israel secess,0
21/11/2024,occupi power justifi act violenc use militari forc popul legal oblig protect short destroy israel right protect peopl occupi dont like resista,0
14/12/2023,israel right defend land occupi peopl occupi right resist accord intern law listen un expert occupi palestinian land,0
30/12/2024,israel doesnt right genocide accord intern law set icj,0
05/11/2023,new post right self defenc israel right self defenc preci way countri fact uniqu factor,0
03/11/2023,russia correct claim israel occupi state right selfdefen absurd like claim home invad forc way someon home right defend homeown,0
11/03/2024,israel zero right defend accord intern law occupi forc squat someon el land,0
20/05/2024,intern law israel right self defen bellig occupi stop lie peopl want end hamas need end occup,0
12/10/2023,israel right exist religi ethnost defend exist mean simpli right occupi ethnic clean settl foreign territori pursu given racial religi demograph composit,0
07/10/2024,israel right defend peopl occupi wild mani still understand,0
31/10/2024,actual israel right defend occupi power palestinian right resist includ violent resist intern law occupi power israel bar harm peopl whose land occupi,0
09/03/2024,accord intern law israel legal right selfdefen occupi owner land right resist occupi,0
20/05/2024,wrong israel terrorist break un resolut intern law law give israel right carri collect punish genocide palestinian hand le,0
02/09/2024,israel right militarili defend gaza intern law occupi power everi singl time make,0
03/11/2023,intern law say israel right selfdefen long occupi palestine,0
06/02/2025,starter israel right whatsoev kill singl palestinian even one iof milit anywh palestine arm resist legal decad israel settlement occup,0
06/11/2023,correct israel doesnt right selfdef nonstat actor occup art un charter parti engag war must adher ihl principl protect civilian justif genocide,0
04/11/2023,til intern law israel occupi forc gaza right defend gazan occupi peopl face genocide right defend send weapon govern commit human right violat illeg,0
13/01/2024,israel right selfdef intern law un special rapporteur explain israel claim right selfdef threat eman territori occupi,0
26/01/2024,intern law israel occupi forc right defend occupi,0
24/10/2023,accord intern law peopl palestine legal right arm resist occup,0
02/12/2023,israel right accord law world defend simpli occupi forc palestine law gang allow palestinian full right arm resista,0
02/12/2023,israel right accord law world defend simpli occupi forc palestine law gang allow palestinian full right arm resist,0
15/11/2023,israel actual right defend one occupi great explan law,0
04/11/2023,israel right selfdef articl un charter wage war gaza alreadi occupi gaza strip intern court warn wall case articl self defenc appli territori israel effect control,0
06/04/2025,us weapon israel made gaza children fli cloud time pray gaza time ask forgiv gazagenocid gaza bombard,0
03/04/2025,pray palestinian pray peac pray end israel terror,0
06/04/2025,helpless weve choic pray allah wrath upon israel,0
04/04/2025,inshallah syria rise inshallah entir region know pray israel must stop,0
05/04/2025,israel terrorist state pray palestine,0
03/04/2025,god pray everyday israel suffer wor fate theyv done socal leader,0
04/04/2025,damn israel pray retribut end israel jew st centuri nazi,0
04/04/2025,ceasefir isnt consid solut gaza pray destruct fall horrif death israel kind peac deal go see kill bomb thousand thousand women children gonfr,0
06/04/2025,plea pray gaza innoc peopl israel destroy gaza citi human gaza need help gaza call help,0
04/04/2025,beauti starri night lahoremak pray downfal destruct israel doggi america,0
06/04/2025,pray wish israel downfal pray disappear face earth monster involv disappear,0
24/03/2025,ye group hundr thousand israel make fun dead children telegram ive never seen anyth quit like jew could pray fine centuri holi land pre zionism,0
03/04/2025,war gaza israel bomb alreadi destroy kill defenseless,0
07/10/2024,pray palestinian hostag held israel sodomi death dungeon pray children israel kidnap rape,0
01/10/2024,pray israel ye pray israel stop commit genocide steal peopl land,0
06/04/2025,jewish american like highli critic israel administr say good jew bad jew good jew one support israel action gaza bad jew peopl like suddenli center polit,0
06/04/2025,real terrorist yemeni gaza perfectlin trumptariff gaza genocide,0
06/04/2025,gaza hamas win war israel video look like win,0
06/04/2025,katil srail gaza gazaholocaust gazagenocid,0
06/04/2025,fail shame usgaza gazaholocaust gazagenocid,0
06/04/2025,thank report atroc occur world world need know true stori gaza innocentmigr prayingforjust,0
25/01/2025,mark intern educ day relea short film univ live testimoni hope creat collabor student academ gaza despit day destruct displac sieg continu fight,0
06/04/2025,name hamza abu issa,0
06/04/2025,die hunger die hunger die hunger die hunger die hunger die hunger die hunger die hunger die hunger,0
06/04/2025,gaza protestor,0
06/04/2025,abdel hadi presid palestin children council gaza strip,0
18/03/2025,least peopl kill israel air strike gaza say hamasrun gaza health ministri follow live,0
06/04/2025,mike mihajlov empha expen israel genocid war gaza mainli cover us congress watch full economicdivid,0
06/04/2025,countri expo gaza genocide,0
06/04/2025,israel warplan target tent use journalist near nasser hospit khan yuni gaza,0
06/04/2025,warn graphic israel warplan target tent use journalist near nasser hospit khan yuni gaza gazaholocaust gazagenocid,0
06/04/2025,lefterthanth demand elect referendum biden admin handl gaza realli consid help elect trump gazalago would decent omnicau fores futur perhap perman,0
14/12/2024,vassar sjp ig earli morn group autonom actor tag vassar colleg neolib corpor manufactur consent invest israel ongo genocide gaza occup west bank recent zionist escal lebanon,0
16/01/2025,student mobil tuesday januari st wednesday januari th ceasefir establish gaza,0
15/01/2025,today januari ceasefir end month israel horrif genocide gaza today palestinian celebr around,0
06/04/2025,slaughter children gaza pass,0
21/01/2025,harvard respon genocide gaza,0
06/04/2025,medic director alahli hospit gaza doctor fadel naim warn situat spiral complet control hospit gaza health system collap hospit overwhelm,0
06/04/2025,account restrict gfm doesnt appear everyon plea support famili gfm share quot donat plea leav comment even dot,0
23/11/2024,sphr concordia univ student went strike gaza week,0
04/12/2024,repost ccni sjp ig nation univ day strike everi cuni campu took street converg cuni central demand cuni divest student continu keep fight divest everi singl univ gaza,0
28/11/2024,updat dar wade al fayoumi encamp sarah lawrenc colleg thank everi singl person sustain fight campu solidar gaza palestine week begin,0
08/12/2024,last thursday boulder sjp took back univ memori center show solidar gaza meanwhil administr continu priorit commit war contractor two student ban campu two month without resolut boulder sjp,0
05/04/2025,except even un staff normal gaza,0
06/04/2025,massacr gaza rafafonfr gazagenocid gaza gazaholocaust freepalestin,0
04/04/2025,total true almost exclu children age real islamist even gaza,0
21/11/2024,sarah lawrenc colleg ny take build challeng underway autonom group student start gaza solidar occup westland call colleg disclo financ invest,0
22/11/2024,sarah lawrenc comrad shame day gaza solidar encamp sarah lawrenc campu safeti offic inspect tent student impo unfair id check student campu commun free palestine long live dar alfayoumi glori,0
06/04/2025,global strike freepalestin stopgenocideingaza gaza strike globalstrikeforgaza,0
17/10/2024,chag sukkot sameach scene gaza solidar sukkah across countri pictur order brown northwestern uchicago columbia,0
06/04/2025,incit israel media call death journalist hassan salih target assassin attempt nazi israel,0
06/04/2025,may experi god may bodi lie beneath rubbl haunt bulldoz,0
17/01/2025,destruct librari univ archiv gaza interest histori aha member cancel membership institut turn back educ pretend serv histori,0
06/04/2025,gaza drown bloodsh,0
06/04/2025,gaza gazagenocid gazaholocaust much longer rest world allow israel get away,0
06/04/2025,urgent resid gaza present deir albalah area neighborhood alsahaba alsamah alawda alzawaida alsalah final advanc warn attack safeti must move immedi south known shelter,0
06/04/2025,sincerest apolog person deal hypothet problem explain kid shit rental pinger although go gaza might think challeng thing explain kid rn,0
06/04/2025,israel airstrik kill palestinian gaza,0
06/04/2025,israel bombard group gazan al tuffah neighborhood northeast gaza left dead includ nine children accord enclav civil defen palestinian media via telegram,0
20/03/2025,genocide continu gaza student remain steadfast solidar palestine learn,0
17/12/2024,israel air ground strike gaza result death includ children cameraman al jazeera civil defenc personnel casualti reflect ongo violenc region,0
06/04/2025,hamza abu issa anoth beauti child gaza behead idf airstrik use usmad bomb ad ongo massacr children kill sophist weapon plain view world,0
06/04/2025,gaza israel kill mother three daughter israel raid south gaza strip bomb tent,0
06/04/2025,share news israel war crime,0
06/04/2025,man burnt aliv bomb israel gazaholocaust gazagenocid gaza,0
28/01/2025,plea donat share brism fund higher educ gaza initi help support reconstruct higher educ gaza accord declar prioriti emerg committ univ gaza,0
06/04/2025,fact peopl realli seem think lot daylight trump biden polici gaza actual insan,0
06/04/2025,anoth journalist gaza,0
06/04/2025,ten thousand moroccan taken street protest israel punish assault gaza peopl also direct anger unit state support monthlong war despit israel war crime,0
23/03/2025,number palestinian kill israel gaza surpass say hamasrun health ministri,0
04/04/2025,know tri explain thought everyth zionist jew touch come question israel help media realli fabric societi gaza rippl effect,0
06/04/2025,break palestinian journalist report israel forc directli struck journalist tent nasser hospit khan youni southern gaza strip,0
06/04/2025,war toll gaza children via,0
06/04/2025,trump pick israel ambassador lead tour leav palestinian promot end day theolog trump want gaza real estat deal mike huckab allinclu israel tour era palestinian higher purpo,0
03/04/2025,yeah noth scale see fact go gaza histor prece uniqu even ww nazi child kill rate israel,0
06/04/2025,break israel militari reportedli carri largesc inva across west bank ahead tomorrow gener strike protest genocide gaza drop site contributor say israel forc raid qalandia jalazon ari refug,0
04/04/2025,ive seen real muslim die gaza braveri unquest see mean,0
04/04/2025,obviou footag sent fraction gaza footag give clear pictur,0
06/04/2025,holocaust gaza keep accel anoth journalist target znazi,0
06/04/2025,yemen report death us air strike netanyahu order new attack besieg gaza tel aviv genocid war blockad enclav enter th day follow live coverag,0
06/04/2025,didnt slaughter mainli children age afghanistan anywh near gaza make thing,0
06/04/2025,im compar oct footag gaza war footag duh,0
18/03/2025,past two month zionist state israel continu violat provi ceasefir agreement act impun full back imperialist western world zionist entiti continu genocid bombard gaza strip,0
06/04/2025,thousand protest gather today near israel consul istanbul turkey demand end ongo israel genocide palestinian gaza telegram x,0
27/01/2025,thousand palestinian begin return north gaza deal reach free israel hostag follow live,0
06/04/2025,break devast airstrik israel forc target journalist tent near nasser hospit khan youni southern gaza result multipl death injuri,0
04/04/2025,luck day total footag oct around total footag collect total gaza know submit icc full raw video mostli children women kill,0
06/04/2025,pcr isnt british ngo even gaza consid behind enemi line citi,0
06/04/2025,anoth palestinian journalist kill israel airstrik khan yuni southern gaza,0
06/04/2025,oh answer oper mani offic hospit music outpost gaza un normal stuff rescu peopl everyday,0
06/04/2025,jackson hinkl like believ netanyahu belong prison due icc arrest warrant issu nov alleg war crime crime human gaza like starvat warfar method murder hinkl,0
06/04/2025,prepar beauti room warm bed home fill safeti calm instead born life exil opinion shaimaa aldurra,0
06/04/2025,break journalist kill sever injur israel airstrik hit tent nasser hospit khan youni southern gaza,0
29/10/2024,aniesbacabuku diari genocide,0
06/04/2025,tel aviv berlin perfect match base common valu barbar genocide,0
06/04/2025,gaza genocide age artifici intellig global surveil via,0
06/04/2025,brave microsoft engin ibteh abu saad disrupt compani th anniversari accu ai chief mustafa suleyman microsoft aid israel genocide gaza tech militari contract,0
06/04/2025,beshear one would approv run even pete buttigieg stay nomin woman riski newsom ignor person stand noth shapiro support genocide west bank,0
06/04/2025,gaza children gaza genocide gazagenocid,0
06/04/2025,mani student support genocide,0
29/01/2025,drop charg umaymah moham emori student attack stand unequivoc umaymah truth statement physicianfaculti serv iof last sixteen month perpetu genocide,0
22/11/2024,statement recent event four student color univ rochest arrest expo administr trust tie genocide repress respon univ deploy full arsen crimin legal system punish,0
06/04/2025,saniti genocide,0
06/04/2025,moral armi world genocide israel genocideingaza warcrim,0
06/04/2025,never forget list genocide facilit helper pay israel,0
15/01/2025,today januari ceasefir end month israel horrif genocide gaza today palestinian celebr around,0
06/04/2025,ashraf famili face harsh realiti genocide famin basic need food clean water essenti complet reach singl bag flour cost plea donat share,0
24/03/2025,univ long establish factori produc ideolog vocat train us imperi mission serv direct arbit facilit ongo genocide palestinian peopl,0
04/04/2025,knowingli unknowingli fund genocide muslim cant even someth simpl collect boycot shame,0
06/04/2025,societi implod method cope come onlin app scream die civilian genocide fascin watch truli,0
06/04/2025,connect vote genocide annex,0
06/04/2025,wan na tell us oppress occup land theft expul genocide common valu tel aviv berlin wow,0
06/04/2025,histori judg usa eu un allow genocide go,0
06/04/2025,begin napoleon war world war current incarn jewish conspiraci genocide call non jew goyim primarili white supremacist gentil conspiraci genocide,0
06/04/2025,guy plea need bring attent happen congo ongo genocide sponsor west landslid cau global warm contribut plea speak help,0
14/12/2024,palestinian fight liber inextr link liber black indigen peopl unit state vassar colleg occupi muns lenap land continu benefit genocide muns lenap peopl similarli colleg,0
13/03/2025,sign petit colleg suspend student use megaphon hold admin account tie genocide student power silenc continu fight divest liber,0
06/04/2025,demon timeshar protect racket aka usback imperi outpost coloni continu extermin campaign engag genocide denial document forgotten make sure stink never leav,0
06/04/2025,wait regardless nonsen fact show privileg abl go anywh like abt afraid expo isra commit genocidedid steal ya rab weli fg,0
06/04/2025,chicago part global strike protest end genocide call palestinian social polit institut civil societi union chicago coalit justic palestine ralli tomorrow littl palestine bridgeview pm,0
06/04/2025,think safe say celtic nation want part english govt genocide enablingi hate fact tar brush disgust label uk,0
06/04/2025,given report civilian death restrict resourc inten bomb gaza argu constitut genocide point high casualti possibl intent howev icj find plausibl definit isra,0
06/04/2025,hamas commit less total war crime,0
06/04/2025,whoa new,0
06/04/2025,go whoever bomb muwahid principl assum believ hamas greatest allah soldier best muwahideen,0
06/04/2025,senior israel offici travel netanyahu deleg hungari interview haaretz would like see rescu hostag elimin hamas largesc opportun voluntari migrat,0
15/01/2025,israel hamas agr gaza ceasefir hostag relea deal sourc brief talk tell bbc follow live,0
10/02/2025,hamas say postpon relea next set hostag accu israel violat ceasefir deal follow live,0
15/10/2023,israel militari order million palestinian evacu home north south warplan bomb gazaunderattack,0
06/04/2025,gazaholocaust stopgazagenocidenow stoparmingisrael unga forc push polici use unitingforpeac suspend israel demand state sanction happen apartheid south africa armsembargonow dismantlezion,0
14/08/2024,palestinian youth display parkour skill amid destruct gaza act resili face ongo israel aggress,0
06/04/2025,kill hour entir famili kill israel expand incur gaza via,0
06/04/2025,israel death state entir devot murder human settler illeg alien murder nativ steal land palestinian american teen shot dead israel settler offici say,0
10/10/2023,israel entiti repr interest eua region act st state imperi militari base provok neighbor oppress palestinian peopl,0
23/07/2024,bad news israel washington sponsor nation uniti agreement polit forc palestinian resist thank china mediat sign beij,0
19/03/2025,yet arsehol stand murder israel,0
03/05/2024,think stand solidar coloni use israel flag ff dead wrong israel continu help keep us shut holocaust fund lol romani israel marginali stand palestine,0
14/01/2024,stand israel would us believ solidar octob victim impli consent idf slaughter gaza ten thousand palestinian kill maim million displac socal leader complicit horror say enough,0
14/11/2023,israel right selfdef intern law un special rapporteur explain israel claim right selfdef threat eman territori occupi kept bellig occup,0
06/04/2025,meet heba farouk mahfouz report wapo cairo bureau publish articl war sinc oct day hamas massacr issu support hamas deni israel right exist,0
06/04/2025,yuan yang mp right repr earley woodley first chine born mp hou common call sanction place upon israel spoken israel kill women children th,0
03/03/2025,news israel right illeg occupi maim humili incarc mass murder starv peopl decad israel legal oblig remov illeg occupi land whole wor,0
15/03/2025,think know establish lie mani thing bring histori question mani lie activ genocide right front everyon eye,0
06/04/2025,remind us mani time spoken sanction israel everi countri right control border piti uk,0
23/09/2024,lebanon right defend right clear unambigu intern law one western leader say loud yet spent month fal claim israel right relat gaza gaza occupi,0
06/04/2025,gener okay intern law israel kill palestinian intern court justic rule israel occup illeg suggest kill tie violat human right law selfdefen,0
11/02/2025,realiz video camera back right israel terror document british detail sinc,0
06/04/2025,nobodi right terf nativ land whether arm visit home utterli intol neighbour state israel facilit push nativ peopl land,0
08/12/2024,israel believ imperi right conquer weaker land middl east one forc hand,0
08/11/2023,intern law consid israel occup forc gaza,0
06/04/2025,inhuman israel support bound right track usa israel palestine polit news canada via,0
21/10/2024,intern law say palestinian right violent resist israel illeg occup land,0
19/01/2025,israel unit state zero author right determin fate palestinian anyth shut apartheid state israel,0
04/04/2025,hey dont follow ur bio say pray israel pin post liter daili click link palestine,0
05/04/2025,first time ever within christian best interest pray fall israel crazi rise abo david nabo mose evil men sit god throne nje rap bout track fubu,0
05/04/2025,palestine abil ka dr hussam abu israel custodi cure gazan plea preay safti,0
06/04/2025,israel issu evacu order threat bomb gaza middl night bitter cold merci missil bomb famili flee abandon possess home tent fear death plea pray us,0
01/12/2024,im american know stori fake announc ever made saudi everyday ten thousand mosqu pray palestine,0
04/04/2025,berni sander tri block fund israel bomb pray succ,0
06/04/2025,option choo free palestine pray gaza ignor,0
06/04/2025,good morn everyon,1
06/04/2025,finish coffe,1
06/04/2025,quiet even,1
06/04/2025,cant believ fast week went,1
06/04/2025,work someth new today,1
06/04/2025,sky look beauti tonight,1
27/02/2025,anoth day anoth chanc,1
06/04/2025,time quick walk outsid,1
02/04/2025,keep thing simpl today,1
06/04/2025,listen old song,1
06/04/2025,stay hydrat friend,1
06/04/2025,littl progress day matter,1
06/04/2025,raini day make think,1
05/03/2025,finish read great book,1
20/02/2025,take deep breath start day,1
06/04/2025,small step big chang,1
06/04/2025,weather feel perfect today,1
06/04/2025,tri new recip tonight,1
06/04/2025,monday fresh start,1
06/04/2025,grate littl thing,1
06/04/2025,final weekend,1
08/02/2025,watch sunset feel peac,1
06/04/2025,time organ workspac,1
06/04/2025,music make everyth better,1
19/01/2025,stay focus stay calm,1
14/02/2025,latenight thought,1
11/02/2025,cup tea solv lot,1
06/04/2025,check hope everyon okay,1
30/01/2025,simpl joy underr,1
25/01/2025,recharg quiet time,1
06/04/2025,one thing time,1
19/01/2025,balanc,1
06/04/2025,smell rain calm,1
30/01/2025,take break screen,1
19/01/2025,plan week ahead,1
19/01/2025,anoth peac morn,1
06/04/2025,learn never stop,1
06/04/2025,tri consist,1
06/04/2025,new month begin,1
06/04/2025,keep move forward,1
06/04/2025,night sky look amaz,1
06/04/2025,sometim silenc say enough,1
06/04/2025,fresh air clear mind,1
06/04/2025,write idea,1
06/04/2025,littl win count,1
06/04/2025,calm mind bring clariti,1
06/04/2025,today feel like good day,1
06/04/2025,tri rush thing,1
06/04/2025,remind slow,1
06/04/2025,sound bird morn,1
06/04/2025,look back everyth make sens,1
06/04/2025,one chapter end anoth begin,1
06/04/2025,feel like time fli late,1
06/04/2025,clean desk clear mind,1
06/04/2025,tri stay present,1
06/04/2025,warm drink good compani,1
03/04/2025,sunset never disappoint,1
06/04/2025,take thing one day time,1
06/04/2025,tri best,1
06/04/2025,good thing take time,1
06/04/2025,sky rain look brighter,1
05/04/2025,love smell morn coffe,1
06/04/2025,gentl remind breath,1
06/04/2025,today mood calm steadi,1
06/04/2025,day meant rest,1
06/04/2025,watch cloud drift,1
06/04/2025,everi day teach someth,1
06/04/2025,keep space tidi today,1
06/04/2025,walk chang mood,1
11/11/2023,earli morn feel peac,1
06/04/2025,write help clear thought,1
06/04/2025,exist quietli,1
06/04/2025,simpl thing bring peac,1
08/02/2025,time selfreflect,1
06/04/2025,citi light look beauti tonight,1
21/11/2024,sunday feel slow calm,1
06/04/2025,grate today calm moment,1
07/02/2025,like plan go smoothli,1
06/04/2025,everi sunris feel like reset,1
06/04/2025,take care matter,1
18/01/2025,feel product today,1
06/04/2025,littl quiet goe long way,1
05/04/2025,best idea come unexpectedli,1
22/02/2025,cozi night sound perfect,1
15/01/2025,end day gratitud,1
06/04/2025,still figur thing that okay,1
06/04/2025,fresh start new energi,1
06/04/2025,sometim need rest,1
19/01/2025,find beauti ordinari moment,1
06/04/2025,calm morn peac mind,1
06/04/2025,nice sit think,1
06/04/2025,new day mean new possibl,1
06/04/2025,breez feel nice today,1
06/04/2025,slowli sure get,1
06/04/2025,enjoy still night,1
06/04/2025,big plan take easi,1
06/04/2025,write small goal,1
04/04/2025,everi day wont perfect that fine,1
06/04/2025,appreci alway,1
06/04/2025,end day smile,1
06/04/2025,look back everyth make sens,1
06/04/2025,good morn everyon,1
04/04/2025,finish coffe,1
06/04/2025,quiet even,1
06/04/2025,cant believ fast week went,1
04/04/2025,work someth new today,1
06/04/2025,sky look beauti tonight,1
06/04/2025,anoth day anoth chanc,1
03/04/2025,time quick walk outsid,1
06/04/2025,keep thing simpl today,1
06/04/2025,listen old song,1
04/04/2025,stay hydrat friend,1
06/04/2025,littl progress day matter,1
06/04/2025,raini day make think,1
19/08/2024,finish read great book,1
16/10/2023,take deep breath start day,1
27/07/2024,small step big chang,1
06/04/2025,weather feel perfect today,1
02/11/2023,tri new recip tonight,1
06/04/2025,monday fresh start,1
25/01/2024,grate littl thing,1
06/01/2024,final weekend,1
06/04/2025,watch sunset feel peac,1
06/04/2025,time organ workspac,1
06/04/2025,music make everyth better,1
26/02/2024,stay focus stay calm,1
07/11/2023,latenight thought,1
06/04/2025,cup tea solv lot,1
16/11/2023,check hope everyon okay,1
15/10/2024,simpl joy underr,1
06/04/2025,recharg quiet time,1
13/01/2024,one thing time,1
06/04/2025,balanc,1
06/04/2025,smell rain calm,1
06/04/2025,take break screen,1
30/11/2023,plan week ahead,1
11/07/2024,anoth peac morn,1
02/05/2024,learn never stop,1
06/04/2025,tri consist,1
06/04/2025,new month begin,1
06/04/2025,keep move forward,1
06/04/2025,night sky look amaz,1
09/10/2023,sometim silenc say enough,1
06/04/2025,fresh air clear mind,1
06/04/2025,write idea,1
09/10/2024,littl win count,1
15/03/2025,calm mind bring clariti,1
11/03/2025,today feel like good day,1
23/03/2025,tri rush thing,1
02/04/2025,remind slow,1
23/03/2025,sound bird morn,1
23/03/2025,look back everyth make sens,1
23/03/2025,one chapter end anoth begin,1
23/03/2025,feel like time fli late,1
06/04/2025,clean desk clear mind,1
06/04/2025,tri stay present,1
02/04/2025,warm drink good compani,1
19/02/2025,sunset never disappoint,1
06/04/2025,take thing one day time,1
06/04/2025,tri best,1
06/04/2025,good thing take time,1
06/04/2025,sky rain look brighter,1
18/02/2025,love smell morn coffe,1
10/11/2024,gentl remind breath,1
25/10/2024,today mood calm steadi,1
16/03/2025,day meant rest,1
06/04/2025,watch cloud drift,1
06/04/2025,everi day teach someth,1
15/10/2024,keep space tidi today,1
06/04/2025,walk chang mood,1
05/04/2025,earli morn feel peac,1
03/04/2025,write help clear thought,1
04/04/2025,exist quietli,1
21/09/2024,simpl thing bring peac,1
02/04/2025,time selfreflect,1
06/04/2025,citi light look beauti tonight,1
06/04/2025,sunday feel slow calm,1
05/04/2025,grate today calm moment,1
05/04/2025,like plan go smoothli,1
06/04/2025,everi sunris feel like reset,1
06/04/2025,take care matter,1
06/04/2025,feel product today,1
05/04/2025,littl quiet goe long way,1
06/04/2025,best idea come unexpectedli,1
04/04/2025,cozi night sound perfect,1
06/04/2025,end day gratitud,1
06/04/2025,still figur thing that okay,1
06/04/2025,fresh start new energi,1
06/04/2025,sometim need rest,1
09/10/2024,find beauti ordinari moment,1
06/04/2025,calm morn peac mind,1
06/04/2025,nice sit think,1
06/04/2025,new day mean new possibl,1
15/09/2024,breez feel nice today,1
06/04/2025,slowli sure get,1
06/04/2025,enjoy still night,1
06/04/2025,big plan take easi,1
16/02/2025,write small goal,1
06/04/2025,everi day wont perfect that fine,1
06/04/2025,appreci alway,1
06/04/2025,end day smile,1
06/04/2025,look back everyth make sens,1
06/04/2025,calm morn peac mind,1
06/04/2025,nice sit think,1
06/04/2025,new day mean new possibl,1
06/04/2025,breez feel nice today,1
06/04/2025,slowli sure get,1
06/04/2025,enjoy still night,1
03/04/2025,big plan take easi,1
06/04/2025,write small goal,1
06/04/2025,everi day wont perfect that fine,1
06/04/2025,appreci alway,1
06/04/2025,end day smile,1
06/11/2024,look back everyth make sens,1
06/04/2025,big plan take easi,1
04/04/2025,write small goal,1
04/04/2025,everi day wont perfect that fine,1
04/04/2025,appreci alway,1
06/04/2025,end day smile,1
04/11/2023,look back everyth make sens,1
06/04/2025,write small goal,1
05/04/2025,everi day wont perfect that fine,1
17/05/2024,christian leader hold day prayer israel weekend,1
05/04/2025,standard procedur idf medic civil servic journalist polic gaza true hero never hollywood movi made,2
18/03/2025,israel announc exten air strike target gaza strip largest attack sinc januari ceasefir came effect,2
18/03/2025,israel prime minist benjamin netanyahu say israel resum combat full forc deadli gaza strike ad begin follow live,2
06/04/2025,rocket gaza fire toward ashdod ashkelon first time month,2
06/04/2025,israel air forc carri precisionairstrik earlier central gaza strip target hamas rocket launcher fire projectil last night citi ashdod ashkelon south israel thank result seriou injuri,2
05/02/2025,presid trump suggest us could take gaza joint news confer israel pm netanyahu follow live,2
06/04/2025,israel fighter jet launch seri airstrik target northern area deir albalah citi central gaza strip follow launch rocket hamasnazi,2
06/04/2025,nope israel,2
06/04/2025,israel go genocide,2
06/04/2025,one rifl use hamas common first two ar slightli longerbarrel rifl semiautomat rifl howev base design take ammo video ak ar,2
06/04/2025,men women hostag hamas day bring home,2
21/02/2025,israel militari accu hamas hand bodi unidentifi person instead hostag shiri biba,2
06/04/2025,first video show two rifl commonli use hamas pij terrorist ak rifl make distinct sound alway easi detect clear know listen,2
06/04/2025,hamas given contract victoria australia order polic street arrest jew,2
06/04/2025,gilad erdan un lost cau serv hamas interest follow,2
06/04/2025,twt abt antiwar antigovern protest israel entitl western good enough need remov jew twt abt antiwar antihama protest gaza entitl western good enough need remov palestinian,2
06/04/2025,israel militari chang initi account gaza aid worker kill israelhamasconflict israel idf gaza palestinian hamas rafah un palestinianredcresc gazacivilemergencyserv muntherab,2
06/04/2025,uc berkeley cradl pro hamas law student f visa,2
06/04/2025,russia play side support hamas taliban even strike deal us split syria meanwhil western nation fund terror accid sometim denial,2
06/04/2025,idf respond hamas hit israel citi rocket attack must pay heavi price,2
06/04/2025,ok boomer read hamas charter tri understand situat superfici indoctrin territori,2
06/04/2025,left alway depend upon simpleton donkey work blm antifa occupi wallstreet aoc ilhan omar hamas protestor etc surpri mani riff raff wear mask would embarrass well,2
06/04/2025,us kcr aircraft return al udeid air base qatar refuel fs bomb yemen noteworthi less two week al udeid air base receiv flight us c c heavi militari transport aircraft addit six,2
06/04/2025,hamas leader ask iran million destroy israel within year defen minist display letter yahya sinwar muhammad deif leader irgc say accept request,2
03/04/2025,hamas didnt exist till alway lie simpli confu,2
06/04/2025,egypt want gazan time allow hamas smuggl weapon tunnel across border,2
03/04/2025,nentayahu fund oct attack hamas year fyi,2
06/04/2025,kill crime hamas kill israelit octob th wrong place wrong time capit offen,2
06/04/2025,hamas enact casu belli theyr attack,2
06/04/2025,edan alexand still held hostag hamas terrorist american new jersey countri forget right life liberti pursuit happi demand immedi relea,2
03/04/2025,true thought hamas exist object fal inform dont educ littl,2
06/04/2025,gaza children struggl lifechang injuri ongo israelhama war via,2
25/01/2025,israel say palestinian prison relea hour hamas freed four israel hostag follow live updat,2
03/04/2025,minut ago thought hamas exist ignor open everyon see,2
06/04/2025,brutal kidnap captiv murder month american hersh goldbergpolin anoth reason israel remain war hamas demon blight human destroy,2
06/04/2025,kamala work toward two state solut hamas elimin trump want forc palestinian exil bulldoz gaza make resort wealthi differ clear even elect,2
06/04/2025,iranregim hq evil,2
06/04/2025,horrifi disgust gaza report minut thought said health center attack idf idf complain hamas use center human shield doctor report said didnt see hed report,2
04/04/2025,want honest answer special op mostli sinc idf claim hamas school hospit mosqu easi take special forc design,2
22/03/2025,israel strike southern lebanon threaten sever respon follow first rocket fire israel sinc novemb ceasefir,2
06/04/2025,psalm look forward time messiah appear call second come jesu particularli promi restor israel subdu nation,2
19/06/2024,brief introduct israel india indian learn develop israel develop israel self respect jew,2
02/11/2023,pragu czech republ show unwav support israel watch spirit gather old town squar standwithisrael,2
16/01/2025,world watch silenc show stand respond flag let voic seen standwithisrael,2
02/10/2024,world begin pressur us stop help fight free world battl drop flag flag comment show support standwithisrael supportisrael,2
19/06/2024,hezbollah lead area war israel everi right defend israelunderattack,2
26/03/2025,go stand israel israel,2
26/10/2023,princeton univ stand israel,2
12/10/2023,watch standwithu ceo cofound impass speech beverli hill ralli solidar israel yisrael chai standwithisrael israelunderattack hamasmassacr,2
26/04/2024,unit israel march led christian organ columbia univ bringthemhom liora lerner,2
04/11/2023,watch help peopl israel wake hamas atroc ensu antiisrael hatr visit,2
13/11/2023,standwithu midwest chapter organ hundr peopl peac came support israel northbrook illinoi novemb respon prohama ralli yisrael chai standwithisrael,2
10/10/2023,white hou lit blue white solidar israel tonight us stand peopl israel standwithisrael,2
09/10/2023,amaz video israel countless israel show love soldier includ set refresh stop prepar defend countri palestinian terrorist yisrael chai standwithisrael israelunderattack hamasmassacr,2
02/11/2024,share stand peopl israel,2
14/10/2024,support israel,2
14/11/2024,proud support israel comment stand israel let unit togeth platform,2
09/03/2024,couldnt said better israel beacon hope resili destin endur flourish,2
01/10/2024,iranian regim attack israel directli indirectli year via proxi israel everi right defend ever stand peopl israel pray safeti yisrael chai,2
24/10/2023,everyon unit state join campaign urg member congress reject pressur extremist support israel right selfdefen,2
09/06/2024,ten thousand peopl gather toronto canada send clear messag stand peopl israel yisrael chai avi klein,2
25/10/2024,america must stand israel take action defend citizen iranian regim,2
02/11/2024,back israel drop comment say stand israel let come togeth show strength,2
07/12/2024,uk must stand israel enemi region autocraci shine rare democraci abandon,2
25/03/2025,great choic support israel white peopl south africa stand,2
22/03/2025,israel offici warn grow tsunami antisemit christian alway stand israel dont real christian christian alway sanctuari jewish peopl,2
29/03/2025,alway stand israel,2
28/03/2025,ye howev watch interview tonight bret said say spit propaganda evil one allow major us support,2
13/10/2024,gaza lebanon iran beyond stand right side good versu evil human versu barbar believ rule law digniti life stand israel bulwark west democrat valu,2
27/02/2025,rai hand stand israel,2
25/03/2025,great stand israel white stand,2
25/03/2025,american stand israel stop wast money bs war leader want destroy littl kid,2
19/10/2024,israel right target civilian offici white hou state depart confirm,2
06/04/2025,british left liter campaign keep trump uk israel like countri everi right prevent whomev want enter even need give reason holierthanth pontif tediou liter su,2
06/04/2025,badenoch right israel like sovereign nation right control border,2
06/04/2025,israel war right decid enter border end,2
06/04/2025,michael knowl religi zionist say realli dont get israel hate peopl right suddenli march greta thunberg,2
06/04/2025,everi sovereign nation face planet right decid enter countri israel except,2
06/04/2025,good israel one right enter countri everi countri right deni entri anyon want enter hope help,2
06/04/2025,labour parti antisemit,2
06/04/2025,israel everi right say stay must leav british tax payer fund trip trip constitu britain,2
06/04/2025,israel right destroy,2
06/04/2025,interest isnt way mainstream react israel sovereign territori right refu entri ever wish real question ask israel deni access first p,2
06/04/2025,israel right,2
06/04/2025,plenti foreign politician deni entri uk israel right,2
06/04/2025,israel sovereign countri right deni entri peopl hate uk would,2
06/04/2025,quit right occa clearli went intent stir pot earn virtu point crackpot left israel absolut right refu entri undesir th,2
06/04/2025,colonialist sovereign state right deni entri whomev wish mr lammi think israel british coloni therefor allow prevent entri ruler,2
06/04/2025,israel right let,2
16/02/2025,realiz hamas isnt build right tunnel,2
06/04/2025,wellth devil alway delu grandeur skill manipul believ right end light alway prevail light god israel,2
06/04/2025,theyr steal land youll alway troublemak would coward theyr cheer welcom peopl anyway think israel right reclaim land year ago th,2
15/01/2024,preci point israel made maintain legal right self defenc occupi power power occupi place enorm limit freedom palestinian gaza rule live iron fist,2
05/01/2025,israel inherit sovereignti whole territori vacat previou sovereign britain intern legal principl uti possideti juri may find duplicit univ accept doctrin intern law,2
06/04/2025,jewish dna like blood close semant compon state israel right exist jewish land jewish countri desir democrat empha without lose nation idea,2
09/03/2025,wrong isnt wrong israel retain power,2
03/11/2024,pray israel rai flag pride share support standwithisrael israelstrong,2
06/04/2025,break long rang rocket strike gaza pray israel,2
18/03/2025,pray hostag pray idf pray israel,2
01/10/2024,jew gather jerusalem pray success idf north,2
30/10/2024,good morn plea join us prayer heal wound soldier share comment flag show pray togeth uniti power prayforisrael,2
08/10/2023,unit faith prayer israel let psalm guid pray peac jerusalem rememb god refug strength present help troubl psalm prayforisrael,2
04/06/2024,pray israel state emerg declar north citizen call help get respon,2
13/10/2024,pray peopl israel us drop flag show support prayforisrael standtogeth,2
19/01/2025,pray israel pray share wish israel world,2
01/12/2023,pray israel right pacif time israel massiv wave rocket attack,2
29/11/2024,pray israel pray israel leav comment israel flag,2
06/04/2025,latest rocket attack israel rocket fire damag injuri pray us,2
04/04/2025,imagin peac world would becom overnight israel iran turn ash,2
04/04/2025,turkey want conflict israel netanyahu vow smash iran axi god glori great thing hath done pray peac jerusalem,2
06/04/2025,israel war live broadcast april god glori great thing hath done pray peac jerusalem,2
04/04/2025,israel war sword iron day news updat god glori great thing hath done pray peac jerusalem,2
06/04/2025,oh look anoth goat destroy,2
03/04/2025,israel war sword iron day news updat god glori great thing hath done pray peac jerusalem,2
03/04/2025,israel war live broadcast april god glori great thing hath done pray peac jerusalem,2
06/04/2025,news flash war day april netanyahu head washington idf elimin biba kidnapp airstrik god glori great thing hath done pray peac jerusalem,2
26/11/2024,even fear gener polit leader militari amaz nation resili strong lean real peac maker god israel sent us remind today could seen lebanon famou hebrew prayer say,2
04/04/2025,moreov concern stranger thi peopl israel cometh far countri thi name sake,2
14/11/2023,wonder pray israel right check amaz column friend give us biblic insight pray jewish friend nation israel right,2
01/12/2024,fake stori everyday mosqu pray palestine friday one believ western propganda piec without basi realiti,2
24/09/2024,way pray israel today,2
18/10/2024,pray benjamin netanyahu famili come know true hero judea lion judah christ jesu messiah god manifest flesh,2
16/10/2023,invit today special prayer meet israel join us pray god move mountain perform miracl confront evil israel join us zoom youtub commun channel click link visit offici websit,2
06/04/2025,anyon surpri iranian tell world year terrorist islam regim occupi send billion hamas terrorist iranian insid iran shout gaza lebanon life iran sick tire,2
06/04/2025,hamas launch missil gaza time final level damn place,2
06/04/2025,threat israeliu interest high threat level white hou trump blame hamas aid worker death gaza idf strike nsc spokesperson trump understand hamas use ambul human shield creat imposs situat idf hamas terroristtact,2
06/04/2025,hey madam big fan work care comment christian ethnost brew new age altright fascism grow across globe genocide gaza instead make way alphabet shit innoc peopl day,2
20/01/2025,sanction gaza solidar encamp set come within next day hind hall disciplinari hear begin next week must pressur columbia drop sanction dismiss charg propalestin protestor final deci made,2
06/04/2025,ive speak palestinian year hamas major problem palestinian hamas went israel kidnap women children elderli peopl took back gaza hamas evil action cau gaza bomb destroy,2
06/04/2025,civilian gaza invad israel along hamas rape murder kidnap jew octob,2
06/04/2025,ye mayb virtu stuff done plan mp give absolut immun go anywh want especi hatr pet project like gaza want hostil stanc,2
06/04/2025,israel inclu terrorist group unconv state nonstat actor like list genocide debat gaza polar like amnesti see evid,2
06/04/2025,say genocide depress,2
06/04/2025,yep want genocide,2
06/04/2025,damn american racist respon confront genocide tax dollar pay countri doom man,2
06/04/2025,funni peopl think south africa correct land ownership law amount genocide,2
06/04/2025,total dehuman palestinian core zionist valu moment zionist feel compel spell languag simpli keep genocide,2
04/04/2025,muslim liter fund genocide money unknowingli,2
04/04/2025,got ummah useless stop genocide fact muslim actual fund genocide unknowingli,2
06/04/2025,hamas evil organ world,2
06/04/2025,israel fault hamas palestinian muslim,2
06/04/2025,mention war war terribl casualti could end tomorrow hamas remov power hostag return often report deficit play agenda minut youth,2
06/04/2025,red cross hamas terrorist,2
06/04/2025,would said embezzl come lie dishonestli immor though certainli proven gener hate violenc support hate violenc ms hamas beat kid key tesla,2
06/04/2025,hamas terrorist lover need deport hot desert,2
06/04/2025,palestinian peopl deserv life free hamas,2
06/04/2025,israel everi right deni entri anyon reason especi british pm align hamas,2
06/04/2025,hamas could murder everi singl person israel would ye israel could kill everi hamas terrorist save live everi innoc person gaza would ye moral differ world need understand,2
06/04/2025,far concern anyon support hamas member hamas willingli put harm way must understand potenti outcom associ,2
06/04/2025,keep say wont stop till thrown hamas love somali pirat,2
06/04/2025,crazi shit hamas either disproven proof fukd sht idf soldier keep get proof truli evil vile teerorist state monster less israel zionist,2
06/04/2025,hamas maniac playbook fvck around gt,2
06/04/2025,hamas admit lie world mani children civilian die gaza new york post smartnew,2
06/04/2025,sister littl terrorist hamas support columbia univ,2
06/04/2025,mk lion say lion brave nobl creatur mk target white civilian cowardli take uniform peac keeper mk like hamas hid behind women children hamas like mk attack civilian israel fikel yo,2
06/04/2025,iran fund octob figur liter hamas went crawl ayatollah regim request million wipe israel map iran said ye fund terror act war iran must dealt head,2
06/04/2025,liber drop hamas support jagmeet drop entir caucu reason,2
06/04/2025,ye keep mind elit hamas fighter train afghanistan nato base terrorist train camp jihad bro stick togeth western civil vs radic,2
06/04/2025,support hamas antifa arrest prosecut support terror,2
06/04/2025,trump un ambassador oversaw billion hamas fund build underground militari base,2
06/04/2025,corrupt blind troll would actual like act like real human call hamas surrend hostag relea cant wont hamas de,2
06/04/2025,hamas traitor palestinian collabor netanyahu israel messian fascist,2
06/04/2025,like complet lost sympathi gaza israel everi right bomb away hamas surrend,2
05/04/2025,yup hamas media massiv psyop,2
04/04/2025,strictli anti israel hamas go destroy care,2
06/04/2025,ye need also ban come hamas support stan,2
04/04/2025,destroy hamas couldnt care less wont answer simpl question,2
06/04/2025,lost person hisham alsay israel bedouin unabl commun sinc relea hamas captiv mental physic condit hisham alsay schizophren cross border gaza held captiv hamas ten year,2
06/04/2025,ye hamas barbar evil satan group subhuman,2
06/04/2025,aid unwra provid hamas,2
06/04/2025,blah blah blah hamas need surrend relea hostag,2
06/04/2025,funni hamas hide happen oct yet defend,2
06/04/2025,israel attack hamas would thought recent escalationshostag still stake peopl dyingthat eould knock head howev yet tit tat episod,2
06/04/2025,israel say everyon lung hamas,2
06/04/2025,war start hamas peopl die war hamas shouldnt start war im use simpl sentenc understand,2
06/04/2025,say whatev crowd front want hear crack terrorist illeg violent protest street campu done noth stop hamas terrorist righ,2
06/04/2025,israel attack gaza see th octob gaza rafa still stand th octob gaza peopl celebr laugh fun beach ever gaza hamas th definitel,2
06/04/2025,basic medic fact hamas,2
06/04/2025,right wasnt ambul hamas uber,2
06/04/2025,hamas state genocide k palestinian war start genocide afterward end arab start even hamas state genocide l,2
06/04/2025,hamas kill less children year war show remark restraint israel month math hard,2
06/04/2025,agreebwith everyth say belov countri state support palestine hamas support ive gaza dont know peopl terrorist,2
06/04/2025,hamas deathcut seek sacrifi gaza alter cau minor damag israel destroy deir albalah fire rocket israel time peopl gaza remov hamas power return hostag end,2
06/04/2025,peopl like mehdi hasan glenn greenwald insist massiv ralli simpli propalestinian noth support terror thousand gather outsid nova exhibit nyc wave hamas hezbollah flag,2
06/04/2025,import remind pod save america problem platform virul antisemit lunat hasan piker rather ask vile statement made toward jew simpli join forc condemn israel without peep hamas,2
05/04/2025,couldnt care less hamas im fascin nazi like,2
04/04/2025,israel fund hamas got caught,2
06/04/2025,hamas realli tri get gaza complet flatten huh,2
04/04/2025,hamas israel mainli kill chicken age young femal though isnt weird focu one commit genocide logic speak,2
06/04/2025,hamas may fire rocket current conflict nazi germani wwii total destruct forc far less germani v v rocket warhead kg total kg,2
04/04/2025,hate hamas hord israel laugh dead children,2
06/04/2025,canada frau eva braun neonazi hamas terror support want jew dead diabol support everyth evil world,2
06/04/2025,debunk new york time stori bogu war crime attribut idf war crime hamas use ambul ferri combat,2
06/04/2025,genocide make pro hamas pro genocide,2
06/04/2025,side hamas anyon sympathi monster hate israel much support anyon el disgust massiv support ive seen hamas sinc octob,2
06/04/2025,excel breakdown follow insan stori understand hamas transport util red cross vehicl cover canadian tradit media,2
06/04/2025,octob hamas attack march israel strike separ militari event distinct time immedi trigger ceasefir howev link ongo conflict especi,2
06/04/2025,ai made islam commun might list terrorist group differ like includ univ condemn one like isi alqaeda possibl exclud group like hezbollah hamas seen resist movement som,2
06/04/2025,vancouverit stand israel stand israel free israel hostag javid shah merz geth iran,2
15/07/2024,one palestine exist,2
28/08/2024,weekli remind palestinian state alreadi exist call jordan,2
02/06/2024,palestine palestine land israel see arab side nazi boycott zionist good palestine thank prove palestine alway jewish,2
15/09/2024,peel back mani year want israel alway israel palestine never exist,2
15/10/2023,state photo could never taken could prevent peac israel palestine decad istandwithisrael countri far wide middl east peopl live love want,2
24/04/2024,stoparmingisrael emerg passov pittsburgh univ uk,2
06/04/2025,israel start war gazan palestinian,2
06/04/2025,pray presid trump alex jone god done remain bless simpl love jew bless jew armenian might say god destroy azerbaijan azerbaijan help israel armenian help iran,2
06/04/2025,may god real christian stand jew israel,2
06/04/2025,welcom west israel mr mileikowski,2
15/06/2024,mani time say palestine doesnt exist israel never lost war doesnt plan lose destroy hamas,2
30/09/2024,israel deal death everi day western politician allow talk twostat solut barbarian fire rocket israel side state call palestine ever establish,2
16/11/2023,israel domin palestine leav one want part terrorist group,2
05/01/2025,palestine madeup place invent steal jewish homeland rewrit histori delegitim israel right exist,2
18/04/2024,small alon jewish countri surround muslim countri fight exist anyon refu support israel otherwi one day india may also see day,2
06/04/2025,well charg crime definit innoc judici system,2
22/02/2024,never palestinian state near israel morn shoot attack hwi btwn maal adumim,2
06/04/2025,real jew stand zionism obviou,2
06/04/2025,islam complet incompat societi belief system religion terrorist organ world largest propaganda machin discredit israel celebr murder built sexual perver fact,2
11/11/2023,mani american current cheer kill palestinian gaza total ignor realiti state israel backward apartheid racist societi,2
28/05/2024,recogni whatev fantasi want palestinian state way thing go never deserv one,2
13/06/2024,sick head palestine doesnt exist way israel stay cri harder domino,2
23/08/2024,iran hamas taken palestinian issu palestinian state would mean iranian base gaza judea,2
10/10/2023,whatev think benyamin netanyahu israel remain democraci middl east declar pascalpraudet europ,2
23/10/2024,palestine made place invent steal jewish homeland palestine never state doesnt exist,2
06/04/2025,mani mistak israel allow make peopl realiz mistak,2
18/07/2024,stand israel palestine doesnt exist,2
03/06/2024,nope israel thing palestine,2
06/04/2025,reason cultur implod day one reason whether realiz yet,2
06/09/2024,agr thing israel complet right palestinian cau murder terrorist fraud driven islam jihad psychopath jew hatr,2
01/02/2024,israel countri land palestine exist never,2
21/06/2024,terribl irrat move palestine also puppet turkey day deni armenian genocide would happili oppress armenian unfortun also result israel polici strateg allianc azerbaijan,2
12/07/2024,matter mani time peopl say wrong palestinian state reward pa use terror punish hamas remov power instead israel punish pa destroy make deal hamas,2
03/12/2024,palestine exist polit strategi islami israel exten arab coloni yet numpti support think moral cau empow hatr jew fabric israel world first decoloni countri,2
06/04/2025,israel muslim even muslim realli islam danger fake religion disgui religion imperi lethal forc destruct like everi countri conquer,2
06/04/2025,israel found two right thing ban countri sen prevail even though countri furiou row labour mp deni entri israel,2
21/07/2024,state palestine guid popul radic islam hamas gaza,2
06/04/2025,israel law deni entri peopl call public destruct boycott sovereign countri free decid allow,2
26/12/2024,term palestine refer plan arabmuslim world establish apartheid arabst holi land jew allow exist recogn palestine state actual support ethnic clean jew,2
03/02/2024,palestine hebrew root palash mean invad also im pretti sure p arab make even weirder,2
06/04/2025,issu standard wait result investig carri israel hope pray end hagu coconspiritor,2
20/11/2023,let add arab ind direct equiv letter p name palestine arab written filastin use arab letter fa approxim p sound,2
31/03/2024,never land palestine geogr palestine area live jew arab accord un share two state arab want form israel result sentenc,2
16/05/2024,call palestine year roman term state palestine never exist dont even letter p arab languag jew call palestinian palestine post newspap jewi,2
07/10/2023,support palestinian terrorist instrument corrupt extremist parti hamas hezbollah actual rush pure simpl disappear palestinian nation,2
06/04/2025,forget rafah khan youni gaza citi place terrorist base noth eye christian systemat slaughter islamist everi day nobodi seem even care victim islam wonder,2
06/04/2025,rafah anymor,2
06/04/2025,egypt countri receiv billion aid annual us shut rafahgaza border cross concret wall egypt place gaza complet blockad tax dollar,2
19/03/2025,wait tell dont know israel control come rafah liter wikipedia page dont know someth basic sure posit,2
06/04/2025,destruct hamas infrastructur last night rafah givati,2
06/04/2025,histor incorrect mayb mayb arab occup rafah start war oct reap sown,2
06/05/2024,busi usual rafah attack,2
06/04/2025,eye rafah must meant watch us assault annihil place peopl,2
06/04/2025,hamas horrif crime commit fascist occup armi target group children play alnakhil street altuffah neighborhood east gaza citi martyrdom eight children continu massacr rafah khan youni,2
06/04/2025,final close,2
06/04/2025,crazi move anoth state start act like born rai fake shit incomprehen,2
06/04/2025,gaza abt wipe world map ghayyur muslim ummah busi non sen,2
29/03/2025,omo need leav app soon youll feel sexi fli happi open see barbarian wank thought continu doubl genocide peopl usual even doesnt concern us govern cant function,2
01/04/2025,day year livestream genocide continu th month,2
29/03/2025,implement global genocide tell peopl flu kill inject poison heal eat poison refu inject health well conceal death call everyth el reason,2
04/04/2025,umm antigenocid moot attend concert bring donat link divest awar flyer concert,2
06/04/2025,condemn israel,2
06/04/2025,hey everyon ramadan daughter wafaa countless victim caught israel genocide ask plea donat help escap horror take place gaza,2
06/04/2025,level israel lover,2
06/04/2025,zionism poppet condemn israel,2
09/01/2024,israel go hell,2
06/04/2025,assur israel support never win biiznillah,2
06/04/2025,murder cold blood psychopath israel,2
05/03/2025,everi last hostag,2
06/04/2025,ask hatr corrupt tell repr israel israel yep impud group whose mind root worship death whose constitut practic terror form,2
18/12/2024,israel hebrew struggl fight el hebrew god israel struggl fight god,2
01/03/2024,octob israel one prime minist head guilti,2
24/11/2023,knesset member israel make lake brother win,2
07/09/2024,sr right exist shouldnt ever exist top alreadi exist peopl fulli agr,2
01/01/2024,tel aviv win togeth alexand maistn,2
06/04/2025,moroccan reach boil point concern palestine particularli gaza wore kufiyeh scarf shoulder wen show support palestine condemn israeldcouvr la vido de tiktok,2
01/01/2024,call coalit member support preserv restraint togeth win war time debat time,2
29/10/2023,israel small island million peopl surround hundr million arab countri gave nobel winner one educ popul world rd place world unicorn us china fascin busi cultur worth defend,2
01/01/2024,new year eve firework iron dome sky tel aviv exactli moment new year eve hope year world relea islam republ terrorist group,2
04/11/2023,tip tweet appear hezbollah televi channel probabl good hezbollah evil countri tweet septemb,2
11/10/2023,us israel lao wall imagin actual similar china dream israel adher tradit cultur oppo race maintain nation puriti oppo muslim black violat israelit punish even far away good econom develop high per capita gdp israel proamerican territori pink start stand edg terrorist organ without brain,2
18/10/2024,israel war crimin israel war crimin bec israel est un crimineel de guerr,2
31/01/2024,israel part religion ethnic race cultur stand togeth stand forc evil violenc,2
01/06/2024,foreign minist real madrid shirt lead spain leagu knew week palestinian state aspir courag exact messag,2
05/01/2024,peopl israel one live earth speak languag faith year ago journey histori peopl israel histori unwav link jewish peopl land israel stori,2
11/01/2024,full full fledg right wing govern bring largest disast israel sinc establish state also bring israel situat one trial populist statement,2
06/04/2025,outrag western leader like australia prime minist children slaughter israel period day bet albo noth stop australian manufactur weapon materi sent israel auspol,2
03/06/2024,alreadi explain time public renew round blue say alef iut hebrew eretz israel say land israel jewish earth currenc coin english hebrew mean opposit q seek impo crimin,2
20/01/2024,make togeth yasri l yasri strive el allah ie god happen god happen peopl israel hatr jew nazi nazi germani,2
11/03/2024,peopl phi phi like nong p asian hair two eye two ear sing nong p learn sing lot ppkrit offer,2
31/03/2025,told p lestin written quran via,2
09/03/2025,pray syria,2
30/03/2025,hope ban braindead noah hater back theyd vanish tl appar still see idiot ukrain share even quarter amount inform ukrain palestine,2
15/03/2025,nail p free countri mention middl east free,2
28/03/2025,oh cool woke tweet gain traction enlighten base contrarian notif stream music want free palestine tran right forev,2
07/02/2025,exampl terribl hypocrisi turn go around chant free p good idea come deport alway support israel internet rememb everyth video,2
04/06/2024,ah talk nong p know beauti pp im bright bicep bright,2
24/03/2025,rd pro palestine space get fiesti,2
31/03/2025,eid mubarak let forget celebr thousand palestinian subject mass gnocid hand zi free p,2
30/05/2024,peopl fall mistin live poohpavel mistinexpoohpavel,2
29/03/2025,start wbandt current qld couldnt care less peopl take grant melb never say anyth crime,2
28/03/2025,im emerg cmmision friend p afford school fee goal dm intrest extra exampl furri mecha ect plea rt,2
14/03/2025,dgaf p want th get drag may god take away taehyung pain suffer quadrupl give u kirbykooo wor way possibl amen take account mass login,2
04/12/2023,laz name easi use torot kill almost month chi saeng forev,2
03/03/2025,land power documentari highlight p resist israel demolit home oscar best documentari featur mark first oscar win histori p dialoguepakistan,2
24/08/2024,accept mind make qin yu nung beauti beauti new gener goddess satisfi expect grave lingorm orml fragil one manifest,2
04/09/2024,laser miss lazawan salplazawan thought lazawan miss laz much fourth poem miss,2
29/04/2024,see clip kind regardless mani year pass phi still person appreci everyth past mbk place p went sit wait right lot work p almost time still find time take photo scab realli cute,2
21/02/2024,mdrrrr jsui la lisand tl forget h se pa,2
17/02/2025,unapologet proudli stand israel feel let known,2
25/09/2024,rai hand stand israel,2
23/11/2024,israel tini dot map jewish state world attack multipl front radic islam terrorist group surround us israel fight entir exist stand israel right thing,2
22/10/2024,israel tini dot map jewish state world attack multipl front radic islam terrorist group surround us israel fight entir exist stand israel right thing,2
20/06/2024,proud support israel comment stand israel let unit togeth platform,2
10/10/2023,bueno air stand solidar israel,2
10/10/2023,peopl israel need help watch video end learn help standwithisrael israelunderattack hamasmassacr,2
06/10/2024,see differ gaza tel aviv dont start war cant win stand israel,2
16/09/2024,israel tini dot map jewish state world attack multipl front radic islam terrorist group surround us israel fight entir exist stand israel right thing,2
12/10/2023,amsterdam stand solidar israel,2
09/10/2023,world stand israel israelunderattack standwithisrael hamasmassacr,2
10/10/2023,zurich switzerland stand israel,2
05/10/2024,stand israel drop follow togeth stronger,2
03/11/2024,stand israel moral choic anyon ever take support israel feel free comment stand israel,2
02/08/2024,alway stand israel even war expand comprehen war israel defend exist islam terror,2
07/03/2025,israel tini dot map jewish state world attack multipl front radic islam terrorist group surround us israel fight entir exist stand israel right thing,2
01/02/2025,jewish alli comment stand israel let unit togeth platform,2
08/10/2023,puerta del sol madrid lit support israel standwithisrael,2
12/10/2024,might tri silenc truth togeth ensur heard everi share everi comment help break silenc stand stand truth drop flag show support istandwithisrael,2
21/10/2023,share support israel right defend standwithisrael,2
20/11/2023,back basic histori cant rewritten jewish peopl indisput indigen land israel let fact speak louder doubt standwithisrael,2
21/03/2025,candac christian must know god feel israel made coven amp jew chosen ppl r suppo stand israel part coven god messian jew believ christ son god,2
28/06/2024,israel alway jewish peopl one true homeand home attack standwithisrael israelunderattack,2
15/10/2023,israel alway jewish peopl one true homeand home dire threat standwithisrael israelunderattack hamasmassacr hamasisisi,2
24/12/2024,stand israel god stand israel uphold justic truth stand israel stand terror stand israel mean stand right side histori,2
17/10/2024,rai hand stand israel,2
02/04/2025,israel land first god allow foreign invad unbelief palestine name enemi israel gave mock mean philistin latin israel god peopl stand pray repent turn back,2
14/09/2024,stand israel god israel stay,2
23/09/2024,share support israel right defend terror,2
30/10/2023,israel right duti defend citizen standwithisrael israelunderattack hamasmassacr hamasisisi freegazafromhama,2
03/11/2023,disturb messag la vega stark remind rise antisemit urgent need uniti hate via gal adiv standwithisrael,2
07/10/2024,stand israel standwithisrael,2
27/11/2024,stand israel peopl land futur togeth defend freedom uniti share comment flag show support,2
13/01/2025,israel tini dot map jewish state world attack multipl front radic islam terrorist group surround us israel fight entir exist stand israel right thing,2
21/11/2023,israel everyth protect innoc live hamas everyth end standwithisrael freegazafromhama,2
09/10/2023,czech republ stand solidar israel,2
16/11/2023,dark time rememb israel alon standwithisrael,2
09/02/2024,stand israel hamas stand democraci forc threaten destroy,2
01/02/2024,israel resili embodi even midst war war forc upon peopl israel genocid terrorist organ love triumph yisrael chai,2
15/10/2023,unfathom realiti countless children israel right standwithisrael israelunderattack hamasmassacr hamasisisi,2
08/03/2025,hamas expand colleg campu us terror group must destroy us must stand israel defeat barbarian,2
11/05/2024,israel alway jewish peopl one true homeand home dire threat standwithisrael israelunderattack hamasmassacr,2
09/03/2024,anoth stand israel follow pin post last one success comment want use platform unit us togeth pin post day show presenc follow stronger togeth,2
27/10/2024,israel fight surviv also enemi civil complet alon ever everyon stand israel unwaveringli,2
06/08/2024,support israel mean support human speak hamas terror mean support human standwithisrael,2
28/03/2025,stand israel,2
06/11/2023,support israel mean support human speak hamas terror mean support human standwithisrael freegazafromhama,2
12/03/2025,proud support israel comment stand israel let unit togeth platform,2
23/08/2024,hawaii stand israel via jonni cohen,2
06/08/2024,alway stand israel amyisraelchai,2
09/10/2023,israel strong israel prevail,2
23/03/2025,ireland stand israel smart one stand israel,2
06/04/2025,stand israel,2
16/12/2024,stand israel biblic mandat,2
01/04/2025,iran thirteen bad javidshah marz price thank sufficport freedom iran way king reza pahlavi iranian stand israel cyru accord,2
04/11/2023,unit israel israel prevail evil hamas terror,2
02/10/2024,support solidar friend never forgotten ayatollah regim cross red line state israel remain silent face iran brutal attack citizen stand israel iran,2
04/10/2024,alway stand peopl israel yisrael chai,2
06/04/2025,stand israel,2
02/10/2024,alway stand israel side israel also fight us free world without islam terrorist state like iran thank israel istandwithisrael,2
04/04/2025,stand israel,2
06/04/2025,stand israel,2
25/03/2025,stand israel,2
27/03/2025,hey berni grandson head cut would feel destroy hamas stand israel,2
04/10/2024,stand israel fight surviv,2
26/03/2025,stand israel im american,2
23/09/2024,world must stand israel brutal war radic islam terrorist organ surround western civil must understand israel fall next either stand israel terror savageri,2
30/10/2023,lot reason support exist israel see wave antisemit show ugli evil face even convinc jew need countri guarant safeti israel listen terrorist sympath un,2
01/10/2024,unit state stand israel stand alli defend continu attack iran iranian proxi,2
30/09/2024,stand right moral stand state israel,2
17/03/2025,student think good educ peopl horribl fail lesson life moral compass failur disgust stand israel long struggl anti semiticsm,2
30/03/2025,stand israel bibi,2
24/03/2025,stand israel stand israel,2
23/09/2024,america must stand israel act protect famili iranianback terror destroy hezbollah capabl,2
02/06/2024,nobrain anyon common sen would support israel theyr real evil forc whose goal wipe jewish peopl stand israel stand asid,2
28/03/2025,good peopl nigeria stand israel fight terror long live idf god bless israel,2
23/03/2025,go good peopl nigeria stand israel fight terrorist god bless israel,2
20/03/2025,kingrezapahlavi iranian peopl stand israel peopl repr,2
30/03/2025,babi stand israel start octob th,2
21/03/2025,stand israel stand america american peopl corrupt politician got ta go,2
25/10/2024,whole world stand israel idf end islam regim iran,2
29/03/2025,agr israel war hamas palestinian peopl never understand uk wont stand palestine state israel didnt exist britain thought good idea resettl palestine,2
22/03/2025,stand israel,2
02/04/2025,peopl stand israel alli,2
21/09/2024,america must stand israel take action iranianback terrorist,2
29/03/2025,fact dont stand israel forev war dont make antisemit time end notion peopl jew hate antisemit refut israel god bless america,2
01/04/2025,cant deal terror need wipe stand israel,2
12/10/2023,stand israel support israel right exist wipe hamas given genocid intentact support combin suspend law war natur god standard countri,2
13/03/2025,stand israel alway stand israel forev ever,2
24/03/2025,stand israel,2
05/04/2025,western democraci includ canada stand israel bomb starvat campaign palestine beat kidnap deport anyon protest call rai awar crime even got corpor main,2
01/04/2025,biafra stand israel unit state biafra airborn,2
23/03/2025,hate palestine peopl support hamas also wrong ok indian againt terrieost againt musalim check fact ttweet second thing kargil war happen israel first counti stand india ok also reason,2
01/04/2025,stand israel terrorist resign terrorist sympath,2
27/07/2024,israel stand unit state america palestine stand terrorist state iran,2
30/05/2024,israel liter fight surviv attack front possibl israel duti right defend enemi stand israel,2
06/04/2025,stand israel,2
04/04/2025,stand israel,2
25/03/2025,stand israel let roar israel l call shadow ban stop freedom israel,2
30/03/2025,enough enough time wipe stand israel,2
31/03/2025,g morn guy stand israelu bel israel take defend land peopl israel etc rem ur brother sister biafra land r battl islam ancestr l,2
06/04/2025,give damm labour politician israel million british citizen stand israel,2
23/03/2025,proud bharatiya proudli stand israel dear jew friend,2
27/03/2025,stand israel alway,2
27/03/2025,right thing israel attack everi right defend savag neighbour attack home famili friend would suffer stand israel everi fibr,2
12/12/2024,stand israel stand right side histori show support get gear,2
22/03/2025,stand israel,2
05/04/2025,know actual disgrac made speech relea sausag done noth infact condon barbarian speech muslim theyr kill christian dont care stand israel disgrac,2
27/09/2024,need stand israel defend islamist terrorist protect valu hold dear instead turn back,2
04/04/2025,stand israel peac,2
22/03/2025,stand israel rogu govern agent america,2
05/04/2025,loss real believ would never say someth like true christian theolog love israel peopl hate unfortun peopl read bibl sorri see someth like,2
31/03/2025,thank cheryl speak truth stand israel,2
29/03/2025,ye stand israel,2
24/03/2025,stand israel,2
01/10/2024,stand israel face challeng support right defend seek peac,2
19/10/2024,israel right target civilian straight us state depart rememb next time dare lectur world human right,2
18/10/2024,israel right target civilian also oblig minim civilian casualti take step sick,2
06/04/2025,touch gov make case antiisrael bia blatant antisemit jump upon uk right tell israel,2
06/04/2025,israel right protect israel pertin question might labour fund antiisrael pr exerci taxpay money appar cant afford winter fuel payment pension less minimum wage,2
05/12/2024,israel right defend threat protect citizen violenc basic right everi nation fact,2
19/02/2025,let real anyon complet delus know israel everi right annex gaza wipe everi last one hamas terrorist still aliv call selfdefen call justic,2
06/04/2025,zone plea stop stubborn move al mawasi especi children take safeti keep red zone stubborn pride israel right respond attack legal nation,2
18/11/2024,stop state right exist israel recogn state un recognit grant right subjug palestinian strip right steal land recognit licen oppress,2
06/04/2025,ye nation earth inher right exist even right exist basi ethnon crazi yet grasp lot us moral consist reason oppo israel,2
28/02/2025,nonsen pay around trillion year reach point creat war sustain spend let guess probabl think went afghanistan iraq al qaeda weapon mass,2
06/04/2025,michael knowl lay perfectli realli dont get israel hate peopl right suddenli march greta thunberg support islamist govern someth think gone wrong,2
06/04/2025,israel sovereign right control border deni entri individu especi advoc destruct perplex spend consid effort critic israel expect welcom,2
06/04/2025,detain jewhat liar offer chanc appeal return uk israel taxpay expen israel everi right secur border antisemit filth lie lie lie,2
06/04/2025,good themisrael right refu terrorist land,2
06/04/2025,yet israel right exclud two idiot determin spi undermin nation israel everi right defend remov world islamist sub human intend simpleton opportunist,2
06/04/2025,addit believ israel right cut food water electr gaza assum also believ israel also right repeatedli target assassin medic,2
06/04/2025,israel right enforc nation secur especi time war fact labour mp pose threat someth labour question secur protocol democrat alli,2
12/10/2023,israel absolut right defend vacuou slogan absolut right selfdef exist right selfdef qualifi intern law explicitli prohibit israel gaza well occup entireti,2
06/04/2025,israel right defend,2
25/11/2024,state throughout israel right defend itll soon time leader world say israel right cut gaza popul less half current size west bank realli judea samaria,2
14/10/2024,israel right defend homeland mean necessari,2
06/04/2025,mp presumptu assum go anywh like israel perfect right say enter countri piti,2
03/12/2024,israel right defend moral right deriv illeg act ex injuria ju non oritur,2
06/04/2025,one mp born china yemen dual nation israel right reduc entri terrorist support,2
06/04/2025,yet support hamas want sanction israel oh countri right control border piti uk,2
06/04/2025,last time check israel independ countri could decid let ijnto countri icc icj two propaganda israel right deport whoever want mutual respect hamas octob th peopl,2
06/04/2025,israel like sovereign nation right control border,2
06/04/2025,kemi badenoch got bang israel see women threat secur everi right protect countri israel itvnew emili thornberri hasnt slightest clue stick local constitu,2
06/04/2025,israel everi right deni entri anyon wish uk right use stoptheboat,2
11/10/2024,admit hamas right attack great,2
06/04/2025,dont want hear one goddamn thing palestinian kid otherwi hamas end give back ever still left aliv hostag accept israel right exist day tortur starvat cruelti whatev,2
06/04/2025,israel right refu entri anyon think undesir like uk except exert right come defend border,2
06/04/2025,absurd israel absolut right protect border undesir,2
06/04/2025,quit clearli kemi badenoch believ alli israel right stop anyon entri antiisrael suggest accu wrong entir,2
29/11/2023,israel right defend israel genocid terror group border iran make genocid threat far away saw happen oct israel right depend feel europ us isnt,2
06/04/2025,israel right refu two notori antiisrael activist territori,2
06/04/2025,would allow terrorist home israel right refu anyon want boycott israel dont go israel,2
06/04/2025,anyon still trot israel right defend pish,2
06/04/2025,israel right exist new state right,2
06/04/2025,idea anyon convert judaism right live israel like say anyon convert christian right live vatican citi clearli absurd proposit peopl born ethnic jewish parent right,2
06/04/2025,make wan na throw israel right eject anti semit hater,2
06/04/2025,unaccept israel right bar entri anyon feel would polit agit state,2
06/04/2025,sovereign nation israel right choo enter countri secur risk uk might open border look mess,2
06/04/2025,israel right refu admitt hostil actor,2
06/04/2025,total fine israel right limit access enemi,2
06/04/2025,good israel israel right protect,2
06/04/2025,mr lammi due respect mp auspici pflp known islamist terror group sovereign nation israel right duti keep terror support countri,2
06/04/2025,say right wing israel still nation extrem threat million peopl surround middl east none democrat elect govern israel everi right exist without target,2
06/04/2025,appar jew deserv live state promi land sure list exclud god supposedli promi land jew anyon believ israel right exist got short brain cell fact,2
06/04/2025,israel right defend ban uk mp dare critici action gaza anyth say kier starmer uklabourparti starmer israelterroristst toothlessparlia,2
06/04/2025,israel right refu access anyon uk refu access gert wilder shut hypocrit,2
06/04/2025,labour parti whine doesnt constitut furiou polit row israel right refu entri anyon consid secur threat includ freelanc labour mp,2
06/04/2025,israel right refu entri thank come,2
06/04/2025,firstli two labour mp detain deni entri secondli israel everi right protect border citizen extremist antisemit far left activist jake richard appal dri knicker pathet runt,2
06/04/2025,israel right control border especi want enter link anti israel activ,2
06/04/2025,everi countri right allow peopl two mp could never guarant observ law israel let,2
06/04/2025,bollox labour israel everi right defend border hamas glorifi mp addit labour would first parti ban extremist politician enter uk labour mp morali freespeech laughabl,2
06/04/2025,israel right defend,2
06/04/2025,curiou israel right defend protect border talk faux outrag outrag parliamentari colleagu arrest,2
06/04/2025,israel right like deem labour mp enemi state,2
06/04/2025,see absolut noth wrong action israel took uk past deni entri mp countri govern right cri foul happen mp one stop say want parliament,2
06/04/2025,wow yet anoth labour hypocrit shock expect uk protect provocateur yet believ israel right fun ill fit shoe foot,2
06/04/2025,ridicul statement israel right defen war respon barbar attack oct th horror copiou describ need repeat know relea hostag would start,2
06/04/2025,israel right starv children death,2
06/04/2025,curiou israel right defend protect border talk faux outrag,2
04/11/2023,lil correct israel right defend think anyon disagr ye intern law disagr paragraph intern court justic advisori opinion date assert israel enjoy right self,2
06/04/2025,ye israel sovereign state right decid enter border intern law even occupi territori right legal diminish occup statu though debat persi,2
06/04/2025,israel right ban anyon support palistinianhama terrorist murder biba famili,2
06/04/2025,isnt take side deal fact israel right block peopl necessari get emot like labour mp,2
06/04/2025,antisemit right go israel israel right deni entri lammi po,2
06/04/2025,werent unjustli detain kick one china one yemen support palestine critici israel lie say parliamentari deleg israel right block peopl kemi said h,2
06/04/2025,revolut liberti freedomv oluntar rebellion disestablishmentarian govern voter antidisestablishmentarian zionist hoard say jew god chosen peopl israel right exist jew amalekitesplur amaleksingular,2
18/03/2025,fact intern law long hamas hold hostag refu engag good faith negoti extend ceasefir gaza israel like sovereign nation fulli entitl take deci militari action,2
06/04/2025,israel right deni entri individu pose secur risk antiisrael hatr protect border respect israel deci need secur region,2
06/04/2025,israel right imprison american usa free speech say trump,2
29/10/2024,israel right protect border israel peopl right live without fear massacr land belong israel god abraham isaac jacob gave noth chang noth,2
06/04/2025,realli naiv matter hate israel israel bloodi right refu entri hey let terrorist british hate peopl,2
06/04/2025,break israel right refu mp tell fal lie write untruth onlin well done israel,2
06/04/2025,group talk led rothschild studi histori join dot need geniu understand behind israel israel behind everyth even right commit genocide think work shadow,2
06/04/2025,kemi badenoch think israel right control border coloss ignor israel properli defin border like malign tumour invad occupi colon surround state,2
06/04/2025,israel right destroy decent citizen america say trump,2
10/10/2023,ye may think israel right defend intern law israel right defend,2
06/04/2025,everi sovereign nation right deni entri seek undermin fabric cau mayhem two hamas shill except good move israel british mp bar enter israel complain treatment,2
18/11/2024,oppress oppressor right selfdefen intern law agr,2
06/04/2025,understand visit illeg occupi west bank flew tel aviv israel right determin enter israel flown jorda deni access wb illeg occupi,2
06/04/2025,even hadnt israel right absolut crust entitl labour terror groupi,2
06/04/2025,fantast hamas relentless terror attack innoc israel civilian must condemn israel right defend barbar act world must stand israel enabl hamas hate torah teach us protect life,2
28/09/2024,one right aggress hezbollah lebanon allow thousand time sinc israel right war end aggress,2
16/11/2023,israel claim right selfdefen threat eman territori occupi,2
28/09/2024,israel perfectli clear believ palestine complet whatev like palestinian deserv right israel give fundament fact conflict often obscur us,2
06/04/2025,unheard israel everi right defend,2
06/04/2025,israel right refu entri countri peopl spread anti israel propaganda,2
09/03/2025,hopelessli naiv arab israel everi right enjoy jew arab gaza everi right allow hamas israel withhold right anyon base race religion unlik muslim,2
20/10/2024,time shout louder ever colon peopl right arm resist,2
09/10/2023,plea join us prayer israel citizen impact violenc pray peac jerusalem may love citi prosper psalm nlt prayforisrael,2
04/08/2024,plea retweet spread impact know hard thing ask consid take least moment day next day pray israel would consid fast israel jew gentil alik within israel anyon like,2
05/08/2024,israel defend support right defend enemi pray peac jerusalem israel god protect israel enemi pray psalm pray peac jerusalem may prosper love,2
09/10/2023,attack israel terrorist organ hamas fund iran fulfil bibl propheci answer also pray peac jerusalem scriptur tell us ps join,2
01/10/2024,pray israel whole state attack,2
24/11/2024,pray peac jerusalem may love secur may peac within wall secur within citadel psalm niv israel jew,2
20/09/2024,pray israel idf tonight,2
25/09/2024,time pray israel idf soldier,2
15/10/2024,pray peopl israel pray respond flag,2
25/10/2024,pray israel pray idf pray israel air forc,2
30/12/2024,pray idf pray israel togeth strong,2
30/09/2024,reach peak war prayer may god watch idf hero may god give us wisdom guidanc battlefield may god lead us victori enemi may israel bless get amen,2
06/04/2025,israel fire physic polit spiritu stand pray lift voic pray israel,2
04/04/2025,shabbat shalom brave soldier protect israel shabbat pray safeti return hostag shabbat shalom,2
05/04/2025,happi sabbath love godrest trust lord hearansw call pray israelth peac peopl god bless keep shine face favor upon prosper grace everyway,2
30/09/2024,pray israel peopl middl east may god glorifi mani find salvat jesu jesussav israel middleeast peac,2
09/10/2023,plea join entir team pray israel sake brother friend say peac within sake hou lord god seek prosper psalm prayforisrael,2
06/04/2025,th bathurst sheppard ralli support israel israel hostag remain hamas captiv peac pray safe return bringthemhomenow,2
15/11/2024,pray israel today pray return hostag pray safeti idf soldier get amen,2
30/09/2024,ever want pray israel moment matter religion languag prayer matter,2
06/04/2025,read mani terrorist extremist account post x daili esp justifi burn aliv deborah samuel sokoto realiz need pray israel succeed mission,2
06/04/2025,ezra prepar heart seek law lord teach israel statut judgment ezra kjv pray lord prepar heart bodi soul receiv word cau trembl thi word tonight ministerisaacadinoyi,2
05/04/2025,stand pray israel,2
05/04/2025,pray continu uniti among believ israel,2
03/04/2025,pray peac israel,2
07/03/2025,pray israel strength face relentless evil seek god protect warrior today,2
04/04/2025,christian arent smartest peopl israel hand tri kill jesu christian believ jesu die cross resurrect dead never actual die christian teach pray israel israel tri kill jesu,2
06/04/2025,good morn patriot plea pray countri leader pray peac israel,2
09/10/2023,bibl instruct us pray peac jerusalem psalm pray israel pray god protect enemi join prayer,2
04/04/2025,plea pray israel,2
05/03/2025,pray israel triumph evil existenti fight rise,2
06/10/2024,pray israel pray free world stand us hope belief peac freedom share prayer thought peac comment,2
21/02/2025,pray israel tough week lie hamas murder barbar coffin parad hostag suspect terrorist attack outsid tel aviv israel jewish peopl need prayer comfort god,2
04/04/2025,israel war weekli news review april god glori great thing hath done pray peac jerusalem,2
07/10/2023,pray israel pray psalm yhvh cover peopl directli mighti name yeshua hamashiach pray without cea repost mosqu jerusalem incit war israel,2
10/03/2025,pray us peopl israel endur unbreak resolv share voic stand us,2
04/04/2025,pray peac israel thu say lord pray peac jerusalem shall prosper love thee prophetelvismboni,2
06/04/2025,john nlt salvat come jew psalm kjv pray peac jerusalemisrael shall prosper love thee peac within thi wall prosper within thi palac god bless israel,2
06/04/2025,pray israel,2
08/10/2023,pray peac jerusalem may secur love peac within wall secur within tower psalm bless bless dishonor cur genesi prayforisrael israel,2
06/04/2025,root matter root tree philodendron gave appear healthi leav slowli yellow pull root gone israel root christian matter god jesu pray israel,2
06/04/2025,pray israel lord prayer father heaven reveal israel love faith person fatherhood may holi name worship holi land may kingdom come puriti power done israel heaven give,2
05/04/2025,pray repent yahweh must center bless come pray israel peac also know requir must turn god,2
03/04/2025,plea continu pray peopl ukrain israel bomb continu pray god call soul come save knowledg jesu christ plea pray leader,2
06/04/2025,pray israel,2
05/04/2025,pray israel time,2
06/01/2025,pray israel,2
12/10/2023,let remain constant prayer israel daili father declar zechariah peopl jerusalem strong lord almighti god israel prayer prayforisrael,2
06/04/2025,pray israel,2
26/10/2024,pray israel pray idf pray protect god coven peopl pray end iran rotten regim,2
06/04/2025,father god pray peac jerusalem may peac within wall secur within israel jesu name safe secur prosper roman,2
27/09/2024,shabbat pray safe return love one held hostag gaza pray brother sister northern israel endur relentless rocket fire pray safeti strength brave men women uniform protect homeland,2
01/10/2024,prayer peopl israel face iran attack distinguish muslim christian jew israel fight exist king david pursu enemi achiev total victori israel must,2
02/10/2024,today everyday pray israel welcom new year pray peac heal holi land psalm standwithisrael,2
07/10/2023,pray today israel like never sinc morn state israel war let rememb god etern purpo bless world israel savior jewish savior gift israel given us current,2
02/04/2025,aim anyon particular wan na put pray lord ure gloss section ccard im seriou safe space zionist israel sympath actual bite ur head,2
01/10/2024,almighti god ask defend israel cau interven behalf strong tower defen love,2
01/10/2024,pray israel must stand shouldertoshould alli,2
13/04/2024,plea pray first time ever iran launch direct attack israel uav crui missil way israel enemi come like flood spirit lord lift standard isaiah behold keep,2
31/10/2023,prayer israel father declar joy jewish peopl accord psalm strength accord nehemiah name jesu israel prayforisrael,2
01/10/2024,israel barrag missil fire iran across nation iran long support terror terrorist organ like hamas hezbollah pray safeti protect peopl israel bibl tell us pray peac,2
01/10/2024,pray israel pray land jacob keep land god prayer may yhwh protect land seek destroy lord prevail israel prevail,2
28/03/2025,face difficult time let come togeth uniti strength pray peac protect israel,2
15/02/2025,israel pray christian israel wit god love region domin hatr extrem,2
06/04/2025,refu jesu god terribl plan anyon perish,2
06/04/2025,realiz conflict israel spiritu pray wisdom regard israel zechariah day nation earth gather make jerusalem immov rock nation tri move injur,2
06/04/2025,worri countri taken muslim,2
06/04/2025,fvck persh squar kincap short equiti loooooo disgustingli lower worst nightmar gaza mode,1
06/04/2025,everyon alreadi knew trump posit gaza bad part kamala posit differ,1
06/04/2025,break egypt close rafah cross gate egyptian side gaza strip long concret wall,1
06/04/2025,two scenario come meet either trump forc netanyahu end war gaza make deci possibl bomb iran later week,1
06/04/2025,bubbanew sure go egypt tonight close rafah cross gate egyptian side gaza strip long concret wall someth add,1
06/04/2025,rep al green vow impeach trump within day gaza remark rep al green dtx declar introduc articl impeach trump within next day accu unfit offic cite controversi gaza comment,1
08/02/2025,three israel hostag hand hamas gaza palestinian prison freed ceasefir deal follow live,1
06/04/2025,oper secur prior pager deton next day icom went boom nasrallah went see allah hr op gaza use crap exampl got call publicli struggl valid,1
06/04/2025,chicago surgeon treat wound syria ukrain gaza via,1
19/01/2025,israel pm netanyahu say gaza ceasefir delay hamas provid list hostag freed,1
14/02/2025,hamas name three hostag relea gaza saturday includ us russian argentinian dual nation,1
11/02/2025,israel end gaza ceasefir hamas relea hostag saturday pm benjamin netanyahu say follow live,1
06/04/2025,idf chang stori,1
30/01/2025,two israel hostag five foreign nation hand red cross gaza israel militari say follow live,1
25/01/2025,four femal israel soldier held gaza hand red cross second hostag relea ceasefir deal,1
06/04/2025,presid macron hour cairo visit includ talk gaza summit jordan king abdullah visit grand egyptian museum,1
19/01/2025,ceasefir goe forc gaza delay list first israel hostag freed hamas,1
06/04/2025,gaza ceasefir collap unrwa,1
30/01/2025,first three israel hostag relea hamas thursday hand red cross gaza follow live,1
19/01/2025,photo show britishisrael hostag emili damari reunit mother first time sinc relea gaza follow live,1
19/01/2025,hamas relea name three israel hostag relea delay postpon start gaza ceasefir,1
06/04/2025,suspect ukrain yemen gaza could drawn reason prolong war ultim keynesian stimulu packag especi yemen gaza prolong suffer show strength maintain strateg advantag keep economi fail,1
06/04/2025,thoroughli investig even israel admit,1
06/04/2025,exclud left gaza popul drop k sinc oct k birth k death stay near emigr k drive big declin without,1
06/04/2025,base analysi claim gener john pagri death gaza appear fake news record special task battalion us armi credibl sourc confirm event imag wate,1
06/04/2025,palestinian milit group hamas said fire barrag rocket citi israel south sunday respon israel massacr civilian gaza click photo read,1
06/04/2025,amaz vocal song genocide pontiac greek ottoman turk,1
06/04/2025,end time dystopia fuel antichrist end time genocide holi land,1
06/04/2025,honor live lost genocide tutsi let commit rememb build futur root uniti peac rememb unit renew kwibuka,1
06/04/2025,consid purcha rickenback even though everi bassist ever play rickenback enjoy play rickeback,1
06/04/2025,rwandan genocide thousand dead kagam role controversi involv drc war million dead kagam respon great lake kill open question rwanda drc greatlak,1
06/04/2025,let hope guid light inspir build brighter futur nation gener comeembrac journey dark genocide tutsi rwanda light new begin fill hope promi,1
06/04/2025,rememb genocide tutsi rwanda join voic togeth say never must mean never kwibuka visitrwanda,1
06/04/2025,mark kwibuka rememb one million innoc live lost genocide tutsi survivor strength courag resili inspir us everi day,1
06/04/2025,mitdash stand togeth rwandan commun commemor tutsi genocide rememb build remembr mitdash,1
06/04/2025,today rememb year sinc genocide tutsi rwanda honour victim stand survivor commit fight hate form kwibuka rememberuniterenew,1
06/04/2025,today mark year sinc genocide tutsi begin offici commemor week honor memori victim reaffirm commit remembr uniti renew turibuka twiyubaka kwibuka weloveyourwanda,1
06/04/2025,trump leban hezbollah,1
06/04/2025,gt,1
06/04/2025,laurea honori causa hungari genocide crimin cross itali franc arriv hell welcom bloodi carpet usa wake,1
06/04/2025,today mark year sinc genocide tutsi rememb unit renew kwibuka,1
03/04/2025,well document genocide histori mankind bar none,1
06/04/2025,well would summon one like fight kid want commit genocide larg scale watch also didnt need remind romant failur life,1
06/04/2025,last chapter final collap russia start war conquest genocide ukrain return middl age see possibl creat normal countri,1
06/04/2025,taliban genocide women,1
06/04/2025,oh yeah wealth tax total gon na tri pass right stop genocide right,1
05/04/2025,nonsen afghanistan mild compar stuff mainli afghanistan actual war,1
06/04/2025,think impeach,1
06/04/2025,beauti reassur word,1
06/04/2025,selfcensor align xai ethic legal standard avoid content could promot harm glorifi figur like hitler accept use polici ban mislead harm output especi sensit topic like genocide,1
06/04/2025,eugen wide seen bad due histori human right abu like forc steril nazi genocide root flaw scienc coerciv idea like mandatori birth control welfar recip,1
06/04/2025,yearold marri iraqi law disturb step backward islam chant,1
06/04/2025,groyper meal,1
06/04/2025,area hour earlier,1
11/11/2023,download pdf,1
06/04/2025,never accu intellig,1
06/04/2025,bend knee,1
06/04/2025,qatar financ muslim brotherhood gazaba franchis hamas let make sure bring tomorrow white hou,1
08/02/2025,palestinian prison relea israel hamas free hostag,1
06/04/2025,never said support hamas view polit complic thing cau grievanc futur justifi mass slaughter children decent societi ever pretend otherwi,1
21/11/2024,intern crimin court issu arrest warrant israel pm benjamin netanyahu exdef minist yoav gallant hamas militari chief moham deif,1
06/04/2025,garbag pick,1
07/02/2025,hamas relea name next three hostag freed exchang palestinian prison held israel,1
06/04/2025,zionist came hamas around sinc,1
06/04/2025,minut war gaza children,1
18/01/2025,israelhama ceasefir gaza come forc gmt sunday mediat announc follow updat,1
06/04/2025,first stori ive seen tv gaza massacr last week told hamas attack israel final gaza american televi news show sunday night,1
05/04/2025,today decid medic hamas peopl kill medic hamas spectacular watch,1
22/02/2025,five israel hostag hand hamas public ceremoni sixth freed separ later follow live,1
15/01/2025,qatari pm confirm ceasefir deal agr israel hamas take effect januari,1
06/04/2025,plan along noth w hostag hamas hostag wld relea netanyahu agr relea palestinian end kill biden said jan hed continu stage hostag wld relea annihil ethnic clean,1
06/04/2025,uae foreign ministri foreign minist abdullah bin zay receiv israel foreign minist gideon saar discuss bilat relat current develop region,1
06/04/2025,hostag relea hamas surrend hamas complet destroy war good chanc opportun reloc away hell live take build good life,1
19/01/2025,three hostag held hamas expect includ britishisrael emili damari relea part ceasefir deal follow live,1
06/04/2025,love liter hamas video,1
06/04/2025,show moron kahlis box offic gross west side stori sure thing remak hamas zegler got,1
06/04/2025,shai davidai pictur part problem support boycott israel day one advoc peac mean hamas usa,1
06/04/2025,minut piec maim,1
06/04/2025,know opsec mean seriou question oper take place octob hamas exploit conduct attack,1
06/04/2025,shaiel analysi base accur everyday ind obviou tri destroy hamas militarili would requir either attrit strategi governingalternativepluscounterinsurgencyop strategi neither attempt,1
06/04/2025,tragic hamas relea hostag,1
06/04/2025,opposit hamas long war though much remain hidden fear repri,1
04/04/2025,wtf even talk hamas anyth,1
06/04/2025,jump bandwagon condemn israel fire ambul unmark van param along men civilian cloth automat weapon hamas long histori al qassam soldier doubl param use ambul,1
06/04/2025,idf respond hamas hit israel citi rocket attack must pay heavi price must defeat hamas,1
06/04/2025,actual happen idf say detain hamas member left car ambul made unannounc stop idf thought threat fire buri bodi inform un find meanwhil assumpt mount,1
06/04/2025,see peopl tri convinc stock crash oil dip fine akshual,1
04/04/2025,support hamas,1
06/04/2025,surpri trey yingst block everi zionist account comment post journalist anoth propaganda tool hamas,1
06/04/2025,hamas support friend cau disturb nd creat fear amongst larg canadian commun comment,1
04/04/2025,love dumb pallywood peopl singl time idf found imaginari doll hamas must pump even idf think pallywood group dumb,1
06/04/2025,sinc bibi listen region must find way mess netanyahu resign today hamas rocket,1
06/04/2025,media also employ gazan journalist ibrahim lafi kill erez cross hamas breach order kill israel throughout southern israel mere journalist erez cross particip terrorist,1
03/04/2025,strang idf never find evid thousand pallywood doll hamas appar use eh,1
06/04/2025,except analysi cheryl point point clearli sound signatur multipl firearm mani unsuppress signatur similar use hamas ak ar person phone,1
06/04/2025,solid idf wrong shoe anoth pallywood product,1
04/04/2025,dont think know idf make hamas deep tunnel youd still odd ambush much casualti rate think reason dont specif,1
06/04/2025,war rebirth netanyahu term israel current multifront conflict frame pivot moment nation renew echo war independ tie war fron,1
06/04/2025,europ face tough mix rise terrorist attack migrat challeng global tension attack enter asylum seeker exploit border like link plot sinc geopolit shock,1
19/08/2024,live thousand protest democrat nation convent chicago ten month democrat parti support genocide peopl gaza aid abet coloni state israel today thousand street,1
16/10/2023,israel break intern law,1
27/07/2024,israel paraguay match ppl palestine result paraguay israel,1
06/04/2025,iran irgc relea threaten,1
02/11/2023,israel long histori lie palestine,1
06/04/2025,hey know long shot id love watch first part threepart docuseri countri extrem similar natur israel sri lanka let know youd interest talk,1
25/01/2024,day israel ongo aggress gaza,1
06/01/2024,famili member murder israel,1
06/04/2025,taiwan agr drop tariff unit state join india israel vietnam cambodia also intend zero tariff countri call negoti trump far youv seen far trump laid tariff across,1
06/04/2025,jesu call woman dog sunday jesu servic music start,1
06/04/2025,iran yemen need go isra nuclear site soon dump maximum stuff,1
26/02/2024,littl kid almost one year old suffer pain displac cri due dire situat israel occup creat gaza,1
07/11/2023,antizionist jew provid perspect oppress action israel occup palestine,1
06/04/2025,israel,1
16/11/2023,histori lesson race histori palestinian actual jewish descent israel goe back bc christ israel known one prevail god let god prevail palastin creat tri take,1
15/10/2024,warn graphic bomb tent shelter displac palestinian alaqsa martyr hospit deir albalah israel beyond devast horrifi imag shaban aldal mother alaa aldal civilian burn aliv unbear,1
06/04/2025,doge thing,1
13/01/2024,devast consequ genocid war beit hanoun northern gaza profound heartbreak,1
06/04/2025,everi cent piec gear biden design ukr need go straight israel,1
06/04/2025,word explain israel,1
06/04/2025,live worship jerusalem israel soak worship music magi g via,1
30/11/2023,israel go,1
11/07/2024,immovar courag thousand time greet broken israel video video,1
02/05/2024,israel femal soldier provoc comment delib deni exist palestine,1
06/04/2025,demon kidnap,1
06/04/2025,israel behead babi live stream,1
06/04/2025,seem like israel speak,1
06/04/2025,maptf moon,1
09/10/2023,ask friend mine live israel report translat signif fragment peopl experienc dramat moment first nuseir yassin one influenti palestinian israel vlogger israelipalestinian,1
06/04/2025,israel isnt arab,1
06/04/2025,may god continu bless boy beauti teacher,1
15/03/2025,follow awe amaz ongo view go sinc oct th stand israel,1
11/03/2025,trump tri take massi stand massi say israel,1
23/03/2025,thank team brought home,1
02/04/2025,stand israel examin conscienc,1
23/03/2025,elon time start make dem call nazi pay teeth sue plea,1
23/03/2025,wait area soon hope support anyth invent design suggest great american musk,1
23/03/2025,hell ye,1
06/04/2025,good morn lx must quit warm russia right,1
06/04/2025,philippian nlt want know christ experi mighti power rai dead want suffer share death,1
02/04/2025,see adverti tesla pi phone real find purcha plea,1
19/02/2025,alreadi oct footag submit icc realiz account around total footag right,1
06/04/2025,noga indispen journalist israelrel report english like neither thrall far right hasbara far left hadashbara said tweet need qualifi suprem court yet issu rule,1
06/04/2025,funni agr almost everyth like admir sam trump inten ive felt blindspot thought ferguson made better point show recent sam r,1
06/04/2025,one labour mp refu entri israel yuan yang oct saw greatest number jew kill day sinc holocaust ms yang tweet day absolut noth think right travel israel beat,1
06/04/2025,someon explain russel brand gone israel exactli know starter,1
18/02/2025,govern love link sourc sourc blinken lmao realiz us say year right,1
10/11/2024,good china right defend,1
25/10/2024,yep histori book written israel historian wrong person twitter right wonder world turn peopl,1
16/03/2025,guy right murder children guy left,1
06/04/2025,instead say israel right exist say israel exist set intent,1
06/04/2025,laten gewoon eerlijk blijven jew may hold israel higher standard one el right standard jew decid judg behavior,1
15/10/2024,pray us pray drop flag comment much love,1
06/04/2025,cant religi pray israel olden israel genocide israel piss tf,1
05/04/2025,today commemor saint vincent ferrer priest pray preacher teach faith continu rememb suffer asian earthquak zone palestine israel sudan congo ukrain holi saint vincent pray,1
03/04/2025,thursday fourth week lent benedictu antiphon depend human testimoni say lord said may save give thank salvat christ pray earthquak victim palestine israel sudan congo,1
04/04/2025,today commemor saint isidor bishop doctor church pray theologian teacher faith continu pray suffer asian earthquak zone palestine israel sudan congo ukrain holi saint isidor pray,1
21/09/2024,congress christian leader issu emerg call prayer ask church,1
02/04/2025,micah micah said hear pray head jacob ruler hou israel know justic hate good love evil pluck steal skin peopl flesh bone,1
06/04/2025,john jesu forgav woman commit adulteri warn sin,1
05/04/2025,dear lord thank day,1
05/04/2025,plea take moment,1
06/04/2025,mark anoth year great pray win deeper joy endless opportun walk purpo scratch surfac destin becom world oyster go claim pearl,1
06/04/2025,phillippian secur alreadi yet reach goal still pursu prize faith unto death kept faith finish race,1
06/04/2025,worship god today reflect pray someon hospit help serv today help meet practic need dear god thank shown hospit plea show serv love,1
05/04/2025,reflect question pray contrast time pray read scriptur vie attent chang make keep technolog becom idol dear god alon worthi prai noth compar,1
06/04/2025,bring home shrimp hot babe got,1
04/04/2025,shabbat shalom friend may high bless,1
06/04/2025,anoth stick,1
06/04/2025,god father,1
06/04/2025,hear jesuss word,1
06/04/2025,repent sin believ gospel,1
09/10/2024,pray tri preach ralli peopl mecca huge differ peopl pray whoever want start preach hold flag tri ralli peopl offenc legal speak,1
06/04/2025,accid ass pray kentucki,1
06/04/2025,stay awak pray time strength surviv go happen,1
06/04/2025,ok fire ship,1
15/09/2024,israel includ west bank,1
06/04/2025,take middl east watch happen,1
06/04/2025,antiamerican dude hate american abil work hard put roof famili head even though wasnt easi new gop conserv patriot parti maga movement,1
06/04/2025,thank god born rai texa liber,1
16/02/2025,jesu use pray speak arama word god arama allah,1
06/04/2025,ok murder rai money,1
06/04/2025,tag libsoftiktok acct though,1
06/04/2025,wrath come rev sixth seal open sixth seal first seal seal god wrath come god word say sixth seal day lord jesu trust written word,1
06/04/2025,houthi yemeni peopl,1
06/04/2025,hour trial mark beast jesu said keep kept command persev wise virgin extra oil lamp jesu say raptur harpazod caught keep us take mark test,1
06/04/2025,day lord jesu come like thief night destructiongod wrath come suddenli labor pain pregnant woman escap seek death abl find great day,1
06/04/2025,know god said rev sixth seal wrath come see seal never wrath birth pang begin sorrow jesu liken nd come woman labor increa,1
06/04/2025,ye plea paul bibl say jesu come sun goe sackcloth moon blood red star fall sky day lord sign everi eye see come cloud power great glori trump,1
06/04/2025,lazi rest america mom get stay home week month,1
03/04/2025,kurd pray israel,1
06/04/2025,plea give jesu heart want protect,1
06/04/2025,man give us flesh eat mani jesuss discipl longer follow take eat bodi jesu say symbol bodi ye plea take jesu word eat flesh,1
06/04/2025,ye havent look sound correct,1
06/11/2024,israel chai pray peac uniti israel today pray immedi return sister,1
06/04/2025,could congress made insid trade illeg congress member yet manag handl stuff im dumb dont know anyth,1
04/04/2025,joshuaaaron israel christian jesu bibl truth music pray israel live updat cham malespin,1
04/04/2025,israel target lebanon like tomorrow make fear attack iran immin pray iran,1
04/04/2025,new ground churchth truth must told salvat prayer rememb,1
04/11/2023,rabbi christian leader call nation day prayer israel monday nov,1
05/04/2025,one believ arab countri turn tap stop sell oil even week israel brought knee,1
17/05/2024,christian leader hold day prayer israel weekend,1
01/10/2024,pray israel destroy islam republ iran terrorist proxi attack million israel tonight,2
06/04/2025,rabbi speak antiisrael activist accu stalk forc pay k legal bill antiisrael demonstr accu deafen washington dc rabbi tri pray israel hostag outsid us emba,2
08/10/2023,way pray israel pray peac christ peopl israel innoc live live hamas reign pray gospel abound time physic life danger spiritu live still need jesu,2
24/07/2024,stand israel god god abraham isaac jacob stand israel,2
09/10/2023,bibl tell us pray peac jerusalem psalm want pray arriv kind peac want pray horrif terror stop abl get hostag back want pray god place hand,2
30/09/2024,pray israel follow translat text appear imag true certain upon us lord god none besid peopl israel redeem us hand king king,2
01/10/2024,pray tel aviv pray idf stand israel destroy terrorist,2
06/04/2025,also command pray peac jerusalem psalm israel matter pray israel,2
01/10/2024,father god lift prayer israel protect empow guard citi border empow leader wisdom strength display glori defend,2
01/10/2024,pray peopl israel face latest onslaught iranian ballist missil attack must stand preciou alli fight exist,2
19/10/2024,pray w netanyahu israel secur safeti join pray also jewish peopl everywh safeti also happi knowledg love support,2
02/10/2024,pray israel pray global war econom shockwav skyhigh energi price suppli chain disrupt mount death ultim blood us soldier israel determin make sure us soldier taxpay bear brunt,2
06/04/2024,friend plea pray israel israel put hope lord lord unfail love full redempt psalm read latest updat israel gt,2
07/10/2023,israel war anyon read bibl,2
04/04/2025,shabbat shalom wish shabbat fill bless good health happi let us continu pray israel captiv return home let fall must fall one becom catch rabbi israel ben,2
01/10/2024,prayer nation israel god abraham isaac jacob lift appl eye nation israel israel peopl right humbl ask make manifest presenc known like never humbl earnestli ask,2
21/11/2024,father god lift prayer israel protect empow guard citi border empow leader wisdom strength display glori defend,2
24/11/2024,father god lift prayer israel protect empow guard citi border empow leader wisdom strength display glori defend,2
26/10/2024,may lord bless protect idf israel pray peac jerusalem israel safeti,2
06/04/2025,hope friend famili commun stay safe devest must exhaust best everyon pray hang friend,2
21/09/2024,pray safeti peopl israel,2
16/08/2024,ye pray israel pray israel stop steal american tax dollar pray israel stop blow babi head limb pray israel repent uss liberti terrorist attack america pray israel stop interf america elect,2
26/11/2024,let us prayer israel pray jewish peopl pray hostag pray success brutal war pray strength wisdom pray guidanc god amen,2
21/02/2025,american christian stand israel pray biba famili everyon israel jewish peopl everywh alon,2
03/04/2025,pray israel everi day abel pray peopl everi day hostag friend wish could mayb wave hand would set right,2
07/10/2023,prayer peopl israel utterli horrifi video,2
01/10/2024,pray brother sister israel,2
06/04/2025,want coopt energi make sure becom stop g massacr,2
15/02/2025,arrest geza success due sanction impo zimbabw unit state america west sanctionsmustf,2
20/08/2024,wait hour eat contain peopl wait long time get food gaza,2
29/03/2025,amount train allow see good facism genocide thousand children unaliv wout substanti action world leader none,2
22/01/2025,israel home israel famili israel heart,2
06/04/2025,israel countri occupi territori illeg bc bitch us help genocid radic peopl poor palestinian kill illeg immigr gun money,2
02/11/2023,us alli talk israel suppo right selfdefen even though occupi power right confirm advisori opinion intern court justic behavior unit state,2
06/04/2025,news make news israel two unknown labour mp use parliamentari privileg gain entri israel demoni fail ask question answer everi countri right,2
06/04/2025,notic ladder open area back two palestinian fire truck similar model one left one destroy israel right one israel govern seen let continu,2
06/04/2025,jesu day return come like thief night,2
06/04/2025,good morn everyon,1
06/04/2025,finish coffe,1
06/04/2025,quiet even,1
06/04/2025,cant believ fast week went,1
06/04/2025,work someth new today,1
06/04/2025,sky look beauti tonight,1
27/02/2025,anoth day anoth chanc,1
06/04/2025,time quick walk outsid,1
02/04/2025,keep thing simpl today,1
06/04/2025,listen old song,1
06/04/2025,stay hydrat friend,1
06/04/2025,littl progress day matter,1
06/04/2025,raini day make think,1
05/03/2025,finish read great book,1
20/02/2025,take deep breath start day,1
06/04/2025,small step big chang,1
06/04/2025,weather feel perfect today,1
06/04/2025,tri new recip tonight,1
06/04/2025,monday fresh start,1
06/04/2025,grate littl thing,1
06/04/2025,final weekend,1
08/02/2025,watch sunset feel peac,1
06/04/2025,time organ workspac,1
06/04/2025,music make everyth better,1
19/01/2025,stay focus stay calm,1
14/02/2025,latenight thought,1
11/02/2025,cup tea solv lot,1
06/04/2025,check hope everyon okay,1
30/01/2025,simpl joy underr,1
25/01/2025,recharg quiet time,1
06/04/2025,one thing time,1
19/01/2025,balanc,1
06/04/2025,smell rain calm,1
30/01/2025,take break screen,1
19/01/2025,plan week ahead,1
19/01/2025,anoth peac morn,1
06/04/2025,learn never stop,1
06/04/2025,tri consist,1
06/04/2025,new month begin,1
06/04/2025,keep move forward,1
06/04/2025,night sky look amaz,1
06/04/2025,sometim silenc say enough,1
06/04/2025,fresh air clear mind,1
06/04/2025,write idea,1
06/04/2025,littl win count,1
06/04/2025,calm mind bring clariti,1
06/04/2025,today feel like good day,1
06/04/2025,tri rush thing,1
06/04/2025,remind slow,1
06/04/2025,sound bird morn,1
06/04/2025,look back everyth make sens,1
06/04/2025,one chapter end anoth begin,1
06/04/2025,feel like time fli late,1
06/04/2025,clean desk clear mind,1
06/04/2025,tri stay present,1
06/04/2025,warm drink good compani,1
03/04/2025,sunset never disappoint,1
06/04/2025,take thing one day time,1
06/04/2025,tri best,1
06/04/2025,good thing take time,1
06/04/2025,sky rain look brighter,1
05/04/2025,love smell morn coffe,1
06/04/2025,gentl remind breath,1
06/04/2025,today mood calm steadi,1
06/04/2025,day meant rest,1
06/04/2025,watch cloud drift,1
06/04/2025,everi day teach someth,1
06/04/2025,keep space tidi today,1
06/04/2025,walk chang mood,1
11/11/2023,earli morn feel peac,1
06/04/2025,write help clear thought,1
06/04/2025,exist quietli,1
06/04/2025,simpl thing bring peac,1
08/02/2025,time selfreflect,1
06/04/2025,citi light look beauti tonight,1
21/11/2024,sunday feel slow calm,1
06/04/2025,grate today calm moment,1
07/02/2025,like plan go smoothli,1
06/04/2025,everi sunris feel like reset,1
06/04/2025,take care matter,1
18/01/2025,feel product today,1
06/04/2025,littl quiet goe long way,1
05/04/2025,best idea come unexpectedli,1
22/02/2025,cozi night sound perfect,1
15/01/2025,end day gratitud,1
06/04/2025,still figur thing that okay,1
06/04/2025,fresh start new energi,1
06/04/2025,sometim need rest,1
19/01/2025,find beauti ordinari moment,1
06/04/2025,calm morn peac mind,1
06/04/2025,nice sit think,1
06/04/2025,new day mean new possibl,1
06/04/2025,breez feel nice today,1
06/04/2025,slowli sure get,1
06/04/2025,enjoy still night,1
06/04/2025,big plan take easi,1
06/04/2025,write small goal,1
04/04/2025,everi day wont perfect that fine,1
06/04/2025,appreci alway,1
06/04/2025,end day smile,1
06/04/2025,look back everyth make sens,1
06/04/2025,good morn everyon,1
04/04/2025,finish coffe,1
06/04/2025,quiet even,1
06/04/2025,cant believ fast week went,1
04/04/2025,work someth new today,1
06/04/2025,sky look beauti tonight,1
06/04/2025,anoth day anoth chanc,1
03/04/2025,time quick walk outsid,1
06/04/2025,keep thing simpl today,1
06/04/2025,listen old song,1
04/04/2025,stay hydrat friend,1
06/04/2025,littl progress day matter,1
06/04/2025,raini day make think,1
19/08/2024,finish read great book,1
16/10/2023,take deep breath start day,1
27/07/2024,small step big chang,1
06/04/2025,weather feel perfect today,1
02/11/2023,tri new recip tonight,1
06/04/2025,monday fresh start,1
25/01/2024,grate littl thing,1
06/01/2024,final weekend,1
06/04/2025,watch sunset feel peac,1
06/04/2025,time organ workspac,1
06/04/2025,music make everyth better,1
26/02/2024,stay focus stay calm,1
07/11/2023,latenight thought,1
06/04/2025,cup tea solv lot,1
16/11/2023,check hope everyon okay,1
15/10/2024,simpl joy underr,1
06/04/2025,recharg quiet time,1
13/01/2024,one thing time,1
06/04/2025,balanc,1
06/04/2025,smell rain calm,1
06/04/2025,take break screen,1
30/11/2023,plan week ahead,1
11/07/2024,anoth peac morn,1
02/05/2024,learn never stop,1
06/04/2025,tri consist,1
06/04/2025,new month begin,1
06/04/2025,keep move forward,1
06/04/2025,night sky look amaz,1
09/10/2023,sometim silenc say enough,1
06/04/2025,fresh air clear mind,1
06/04/2025,write idea,1
15/03/2025,littl win count,1
11/03/2025,calm mind bring clariti,1
23/03/2025,today feel like good day,1
02/04/2025,tri rush thing,1
23/03/2025,remind slow,1
23/03/2025,sound bird morn,1
23/03/2025,look back everyth make sens,1
06/04/2025,one chapter end anoth begin,1
06/04/2025,feel like time fli late,1
02/04/2025,clean desk clear mind,1
19/02/2025,tri stay present,1
06/04/2025,warm drink good compani,1
06/04/2025,sunset never disappoint,1
06/04/2025,take thing one day time,1
06/04/2025,tri best,1
18/02/2025,good thing take time,1
10/11/2024,sky rain look brighter,1
25/10/2024,love smell morn coffe,1
16/03/2025,gentl remind breath,1
06/04/2025,today mood calm steadi,1
06/04/2025,day meant rest,1
15/10/2024,watch cloud drift,1
06/04/2025,everi day teach someth,1
05/04/2025,keep space tidi today,1
03/04/2025,walk chang mood,1
04/04/2025,earli morn feel peac,1
21/09/2024,write help clear thought,1
02/04/2025,exist quietli,1
06/04/2025,simpl thing bring peac,1
05/04/2025,time selfreflect,1
05/04/2025,citi light look beauti tonight,1
06/04/2025,sunday feel slow calm,1
06/04/2025,grate today calm moment,1
06/04/2025,like plan go smoothli,1
05/04/2025,everi sunris feel like reset,1
06/04/2025,take care matter,1
04/04/2025,feel product today,1
06/04/2025,littl quiet goe long way,1
06/04/2025,best idea come unexpectedli,1
06/04/2025,cozi night sound perfect,1
06/04/2025,end day gratitud,1
09/10/2024,still figur thing that okay,1
06/04/2025,fresh start new energi,1
06/04/2025,sometim need rest,1
06/04/2025,find beauti ordinari moment,1
15/09/2024,calm morn peac mind,1
06/04/2025,nice sit think,1
06/04/2025,new day mean new possibl,1
06/04/2025,breez feel nice today,1
16/02/2025,slowli sure get,1
06/04/2025,enjoy still night,1
06/04/2025,big plan take easi,1
06/04/2025,write small goal,1
06/04/2025,everi day wont perfect that fine,1
06/04/2025,appreci alway,1
06/04/2025,end day smile,1
06/04/2025,look back everyth make sens,1
06/04/2025,good morn everyon,1
06/04/2025,finish coffe,1
06/04/2025,quiet even,1
06/04/2025,cant believ fast week went,1
06/04/2025,work someth new today,1
06/11/2024,sky look beauti tonight,1
06/04/2025,anoth day anoth chanc,1
04/04/2025,time quick walk outsid,1
04/04/2025,keep thing simpl today,1
04/11/2023,listen old song,1
05/04/2025,stay hydrat friend,1
17/05/2024,littl progress day matter,1
